team,sponsor,extreme_scenario,baseline_roi,scenario_roi,roi_ci_low,roi_ci_high,risk_interval_width,recommendation_reason
Brazil,Adidas,key_player_injury,4.069,3.4993,3.1765,3.8221,0.6457,Player availability shock lowers expected activation.
Brazil,Adidas,sentiment_crisis,4.069,3.3366,2.9668,3.7063,0.7394,Negative social/news sentiment requires defensive spend.
Brazil,Adidas,sponsor_policy_change,4.069,3.6621,3.3549,3.9693,0.6144,Policy restriction reduces activation quality.
Brazil,Adidas,positive_viral_moment,4.069,4.72,4.3867,5.0533,0.6665,Positive viral attention can lift upside but increases volatility.
Indonesia,Coca-Cola,key_player_injury,3.997,3.4374,3.1146,3.7603,0.6457,Player availability shock lowers expected activation.
Indonesia,Coca-Cola,sentiment_crisis,3.997,3.2775,2.9078,3.6472,0.7394,Negative social/news sentiment requires defensive spend.
Indonesia,Coca-Cola,sponsor_policy_change,3.997,3.5973,3.2901,3.9045,0.6144,Policy restriction reduces activation quality.
Indonesia,Coca-Cola,positive_viral_moment,3.997,4.6365,4.3033,4.9698,0.6665,Positive viral attention can lift upside but increases volatility.
Argentina,Hyundai,key_player_injury,3.8829,3.3393,3.0164,3.6621,0.6457,Player availability shock lowers expected activation.
Argentina,Hyundai,sentiment_crisis,3.8829,3.1839,2.8142,3.5537,0.7394,Negative social/news sentiment requires defensive spend.
Argentina,Hyundai,sponsor_policy_change,3.8829,3.4946,3.1874,3.8018,0.6144,Policy restriction reduces activation quality.
Argentina,Hyundai,positive_viral_moment,3.8829,4.5041,4.1709,4.8374,0.6665,Positive viral attention can lift upside but increases volatility.
China,Adidas,key_player_injury,3.8653,3.3242,3.0013,3.647,0.6457,Player availability shock lowers expected activation.
China,Adidas,sentiment_crisis,3.8653,3.1696,2.7999,3.5393,0.7394,Negative social/news sentiment requires defensive spend.
China,Adidas,sponsor_policy_change,3.8653,3.4788,3.1716,3.786,0.6144,Policy restriction reduces activation quality.
China,Adidas,positive_viral_moment,3.8653,4.4838,4.1505,4.817,0.6665,Positive viral attention can lift upside but increases volatility.
Ukraine,Qatar Airways,key_player_injury,3.8526,3.3132,2.9904,3.6361,0.6457,Player availability shock lowers expected activation.
Ukraine,Qatar Airways,sentiment_crisis,3.8526,3.1591,2.7894,3.5288,0.7394,Negative social/news sentiment requires defensive spend.
Ukraine,Qatar Airways,sponsor_policy_change,3.8526,3.4673,3.1601,3.7746,0.6144,Policy restriction reduces activation quality.
Ukraine,Qatar Airways,positive_viral_moment,3.8526,4.469,4.1358,4.8023,0.6665,Positive viral attention can lift upside but increases volatility.
France,Qatar Airways,key_player_injury,3.8416,3.3038,2.981,3.6266,0.6457,Player availability shock lowers expected activation.
France,Qatar Airways,sentiment_crisis,3.8416,3.1501,2.7804,3.5198,0.7394,Negative social/news sentiment requires defensive spend.
France,Qatar Airways,sponsor_policy_change,3.8416,3.4575,3.1502,3.7647,0.6144,Policy restriction reduces activation quality.
France,Qatar Airways,positive_viral_moment,3.8416,4.4563,4.123,4.7895,0.6665,Positive viral attention can lift upside but increases volatility.
Hungary,Adidas,key_player_injury,3.8387,3.3013,2.9785,3.6241,0.6457,Player availability shock lowers expected activation.
Hungary,Adidas,sentiment_crisis,3.8387,3.1477,2.778,3.5175,0.7394,Negative social/news sentiment requires defensive spend.
Hungary,Adidas,sponsor_policy_change,3.8387,3.4548,3.1476,3.7621,0.6144,Policy restriction reduces activation quality.
Hungary,Adidas,positive_viral_moment,3.8387,4.4529,4.1197,4.7862,0.6665,Positive viral attention can lift upside but increases volatility.
New Zealand,McDonald's,key_player_injury,3.83,3.2938,2.971,3.6166,0.6457,Player availability shock lowers expected activation.
New Zealand,McDonald's,sentiment_crisis,3.83,3.1406,2.7709,3.5103,0.7394,Negative social/news sentiment requires defensive spend.
New Zealand,McDonald's,sponsor_policy_change,3.83,3.447,3.1398,3.7542,0.6144,Policy restriction reduces activation quality.
New Zealand,McDonald's,positive_viral_moment,3.83,4.4428,4.1095,4.7761,0.6665,Positive viral attention can lift upside but increases volatility.
Japan,Adidas,key_player_injury,3.7936,3.2625,2.9396,3.5853,0.6457,Player availability shock lowers expected activation.
Japan,Adidas,sentiment_crisis,3.7936,3.1107,2.741,3.4804,0.7394,Negative social/news sentiment requires defensive spend.
Japan,Adidas,sponsor_policy_change,3.7936,3.4142,3.107,3.7214,0.6144,Policy restriction reduces activation quality.
Japan,Adidas,positive_viral_moment,3.7936,4.4005,4.0673,4.7338,0.6665,Positive viral attention can lift upside but increases volatility.
Germany,Coca-Cola,key_player_injury,3.7919,3.261,2.9382,3.5839,0.6457,Player availability shock lowers expected activation.
Germany,Coca-Cola,sentiment_crisis,3.7919,3.1093,2.7396,3.479,0.7394,Negative social/news sentiment requires defensive spend.
Germany,Coca-Cola,sponsor_policy_change,3.7919,3.4127,3.1055,3.7199,0.6144,Policy restriction reduces activation quality.
Germany,Coca-Cola,positive_viral_moment,3.7919,4.3986,4.0653,4.7318,0.6665,Positive viral attention can lift upside but increases volatility.
Russia,Hyundai,key_player_injury,3.7892,3.2588,2.9359,3.5816,0.6457,Player availability shock lowers expected activation.
Russia,Hyundai,sentiment_crisis,3.7892,3.1072,2.7375,3.4769,0.7394,Negative social/news sentiment requires defensive spend.
Russia,Hyundai,sponsor_policy_change,3.7892,3.4103,3.1031,3.7175,0.6144,Policy restriction reduces activation quality.
Russia,Hyundai,positive_viral_moment,3.7892,4.3955,4.0623,4.7288,0.6665,Positive viral attention can lift upside but increases volatility.
Italy,Visa,key_player_injury,3.786,3.256,2.9331,3.5788,0.6457,Player availability shock lowers expected activation.
Italy,Visa,sentiment_crisis,3.786,3.1045,2.7348,3.4742,0.7394,Negative social/news sentiment requires defensive spend.
Italy,Visa,sponsor_policy_change,3.786,3.4074,3.1002,3.7146,0.6144,Policy restriction reduces activation quality.
Italy,Visa,positive_viral_moment,3.786,4.3918,4.0585,4.725,0.6665,Positive viral attention can lift upside but increases volatility.
Costa Rica,Visa,key_player_injury,3.7775,3.2487,2.9258,3.5715,0.6457,Player availability shock lowers expected activation.
Costa Rica,Visa,sentiment_crisis,3.7775,3.0976,2.7279,3.4673,0.7394,Negative social/news sentiment requires defensive spend.
Costa Rica,Visa,sponsor_policy_change,3.7775,3.3998,3.0926,3.707,0.6144,Policy restriction reduces activation quality.
Costa Rica,Visa,positive_viral_moment,3.7775,4.3819,4.0487,4.7152,0.6665,Positive viral attention can lift upside but increases volatility.
Denmark,Adidas,key_player_injury,3.7765,3.2478,2.9249,3.5706,0.6457,Player availability shock lowers expected activation.
Denmark,Adidas,sentiment_crisis,3.7765,3.0967,2.727,3.4664,0.7394,Negative social/news sentiment requires defensive spend.
Denmark,Adidas,sponsor_policy_change,3.7765,3.3988,3.0916,3.706,0.6144,Policy restriction reduces activation quality.
Denmark,Adidas,positive_viral_moment,3.7765,4.3807,4.0475,4.714,0.6665,Positive viral attention can lift upside but increases volatility.
Turkey,Hyundai,key_player_injury,3.7714,3.2434,2.9205,3.5662,0.6457,Player availability shock lowers expected activation.
Turkey,Hyundai,sentiment_crisis,3.7714,3.0925,2.7228,3.4622,0.7394,Negative social/news sentiment requires defensive spend.
Turkey,Hyundai,sponsor_policy_change,3.7714,3.3942,3.087,3.7014,0.6144,Policy restriction reduces activation quality.
Turkey,Hyundai,positive_viral_moment,3.7714,4.3748,4.0415,4.708,0.6665,Positive viral attention can lift upside but increases volatility.
Saudi Arabia,Qatar Airways,key_player_injury,3.7683,3.2407,2.9179,3.5635,0.6457,Player availability shock lowers expected activation.
Saudi Arabia,Qatar Airways,sentiment_crisis,3.7683,3.09,2.7203,3.4597,0.7394,Negative social/news sentiment requires defensive spend.
Saudi Arabia,Qatar Airways,sponsor_policy_change,3.7683,3.3914,3.0842,3.6987,0.6144,Policy restriction reduces activation quality.
Saudi Arabia,Qatar Airways,positive_viral_moment,3.7683,4.3712,4.0379,4.7044,0.6665,Positive viral attention can lift upside but increases volatility.
Netherlands,Hisense,key_player_injury,3.7654,3.2382,2.9154,3.5611,0.6457,Player availability shock lowers expected activation.
Netherlands,Hisense,sentiment_crisis,3.7654,3.0876,2.7179,3.4573,0.7394,Negative social/news sentiment requires defensive spend.
Netherlands,Hisense,sponsor_policy_change,3.7654,3.3888,3.0816,3.696,0.6144,Policy restriction reduces activation quality.
Netherlands,Hisense,positive_viral_moment,3.7654,4.3678,4.0346,4.7011,0.6665,Positive viral attention can lift upside but increases volatility.
Spain,Budweiser,key_player_injury,3.7526,3.2272,2.9044,3.5501,0.6457,Player availability shock lowers expected activation.
Spain,Budweiser,sentiment_crisis,3.7526,3.0771,2.7074,3.4468,0.7394,Negative social/news sentiment requires defensive spend.
Spain,Budweiser,sponsor_policy_change,3.7526,3.3774,3.0701,3.6846,0.6144,Policy restriction reduces activation quality.
Spain,Budweiser,positive_viral_moment,3.7526,4.353,4.0198,4.6863,0.6665,Positive viral attention can lift upside but increases volatility.
Croatia,Hisense,key_player_injury,3.7465,3.222,2.8992,3.5448,0.6457,Player availability shock lowers expected activation.
Croatia,Hisense,sentiment_crisis,3.7465,3.0721,2.7024,3.4418,0.7394,Negative social/news sentiment requires defensive spend.
Croatia,Hisense,sponsor_policy_change,3.7465,3.3718,3.0646,3.6791,0.6144,Policy restriction reduces activation quality.
Croatia,Hisense,positive_viral_moment,3.7465,4.3459,4.0127,4.6792,0.6665,Positive viral attention can lift upside but increases volatility.
Belgium,Visa,key_player_injury,3.7279,3.206,2.8832,3.5289,0.6457,Player availability shock lowers expected activation.
Belgium,Visa,sentiment_crisis,3.7279,3.0569,2.6872,3.4266,0.7394,Negative social/news sentiment requires defensive spend.
Belgium,Visa,sponsor_policy_change,3.7279,3.3551,3.0479,3.6624,0.6144,Policy restriction reduces activation quality.
Belgium,Visa,positive_viral_moment,3.7279,4.3244,3.9912,4.6577,0.6665,Positive viral attention can lift upside but increases volatility.
Cameroon,Hyundai,key_player_injury,3.7261,3.2045,2.8816,3.5273,0.6457,Player availability shock lowers expected activation.
Cameroon,Hyundai,sentiment_crisis,3.7261,3.0554,2.6857,3.4251,0.7394,Negative social/news sentiment requires defensive spend.
Cameroon,Hyundai,sponsor_policy_change,3.7261,3.3535,3.0463,3.6607,0.6144,Policy restriction reduces activation quality.
Cameroon,Hyundai,positive_viral_moment,3.7261,4.3223,3.989,4.6555,0.6665,Positive viral attention can lift upside but increases volatility.
Switzerland,Visa,key_player_injury,3.7226,3.2014,2.8786,3.5243,0.6457,Player availability shock lowers expected activation.
Switzerland,Visa,sentiment_crisis,3.7226,3.0525,2.6828,3.4222,0.7394,Negative social/news sentiment requires defensive spend.
Switzerland,Visa,sponsor_policy_change,3.7226,3.3503,3.0431,3.6576,0.6144,Policy restriction reduces activation quality.
Switzerland,Visa,positive_viral_moment,3.7226,4.3182,3.985,4.6515,0.6665,Positive viral attention can lift upside but increases volatility.
United Arab Emirates,Adidas,key_player_injury,3.7223,3.2012,2.8784,3.524,0.6457,Player availability shock lowers expected activation.
United Arab Emirates,Adidas,sentiment_crisis,3.7223,3.0523,2.6826,3.422,0.7394,Negative social/news sentiment requires defensive spend.
United Arab Emirates,Adidas,sponsor_policy_change,3.7223,3.3501,3.0429,3.6573,0.6144,Policy restriction reduces activation quality.
United Arab Emirates,Adidas,positive_viral_moment,3.7223,4.3179,3.9847,4.6512,0.6665,Positive viral attention can lift upside but increases volatility.
Sweden,Budweiser,key_player_injury,3.7211,3.2001,2.8773,3.5229,0.6457,Player availability shock lowers expected activation.
Sweden,Budweiser,sentiment_crisis,3.7211,3.0513,2.6816,3.421,0.7394,Negative social/news sentiment requires defensive spend.
Sweden,Budweiser,sponsor_policy_change,3.7211,3.349,3.0417,3.6562,0.6144,Policy restriction reduces activation quality.
Sweden,Budweiser,positive_viral_moment,3.7211,4.3164,3.9832,4.6497,0.6665,Positive viral attention can lift upside but increases volatility.
South Africa,Hyundai,key_player_injury,3.7036,3.1851,2.8623,3.5079,0.6457,Player availability shock lowers expected activation.
South Africa,Hyundai,sentiment_crisis,3.7036,3.037,2.6672,3.4067,0.7394,Negative social/news sentiment requires defensive spend.
South Africa,Hyundai,sponsor_policy_change,3.7036,3.3332,3.026,3.6405,0.6144,Policy restriction reduces activation quality.
South Africa,Hyundai,positive_viral_moment,3.7036,4.2962,3.9629,4.6294,0.6665,Positive viral attention can lift upside but increases volatility.
Senegal,Budweiser,key_player_injury,3.6999,3.1819,2.8591,3.5048,0.6457,Player availability shock lowers expected activation.
Senegal,Budweiser,sentiment_crisis,3.6999,3.0339,2.6642,3.4036,0.7394,Negative social/news sentiment requires defensive spend.
Senegal,Budweiser,sponsor_policy_change,3.6999,3.3299,3.0227,3.6371,0.6144,Policy restriction reduces activation quality.
Senegal,Budweiser,positive_viral_moment,3.6999,4.2919,3.9587,4.6252,0.6665,Positive viral attention can lift upside but increases volatility.
Kuwait,Hisense,key_player_injury,3.6977,3.18,2.8572,3.5028,0.6457,Player availability shock lowers expected activation.
Kuwait,Hisense,sentiment_crisis,3.6977,3.0321,2.6624,3.4018,0.7394,Negative social/news sentiment requires defensive spend.
Kuwait,Hisense,sponsor_policy_change,3.6977,3.3279,3.0207,3.6351,0.6144,Policy restriction reduces activation quality.
Kuwait,Hisense,positive_viral_moment,3.6977,4.2893,3.956,4.6225,0.6665,Positive viral attention can lift upside but increases volatility.
Iceland,Visa,key_player_injury,3.692,3.1751,2.8523,3.498,0.6457,Player availability shock lowers expected activation.
Iceland,Visa,sentiment_crisis,3.692,3.0274,2.6577,3.3971,0.7394,Negative social/news sentiment requires defensive spend.
Iceland,Visa,sponsor_policy_change,3.692,3.3228,3.0156,3.63,0.6144,Policy restriction reduces activation quality.
Iceland,Visa,positive_viral_moment,3.692,4.2827,3.9495,4.616,0.6665,Positive viral attention can lift upside but increases volatility.
South Korea,Hisense,key_player_injury,3.6904,3.1738,2.8509,3.4966,0.6457,Player availability shock lowers expected activation.
South Korea,Hisense,sentiment_crisis,3.6904,3.0262,2.6565,3.3959,0.7394,Negative social/news sentiment requires defensive spend.
South Korea,Hisense,sponsor_policy_change,3.6904,3.3214,3.0142,3.6286,0.6144,Policy restriction reduces activation quality.
South Korea,Hisense,positive_viral_moment,3.6904,4.2809,3.9477,4.6142,0.6665,Positive viral attention can lift upside but increases volatility.
Nigeria,Coca-Cola,key_player_injury,3.689,3.1725,2.8497,3.4953,0.6457,Player availability shock lowers expected activation.
Nigeria,Coca-Cola,sentiment_crisis,3.689,3.0249,2.6552,3.3946,0.7394,Negative social/news sentiment requires defensive spend.
Nigeria,Coca-Cola,sponsor_policy_change,3.689,3.3201,3.0128,3.6273,0.6144,Policy restriction reduces activation quality.
Nigeria,Coca-Cola,positive_viral_moment,3.689,4.2792,3.9459,4.6124,0.6665,Positive viral attention can lift upside but increases volatility.
El Salvador,Budweiser,key_player_injury,3.687,3.1708,2.848,3.4937,0.6457,Player availability shock lowers expected activation.
El Salvador,Budweiser,sentiment_crisis,3.687,3.0233,2.6536,3.393,0.7394,Negative social/news sentiment requires defensive spend.
El Salvador,Budweiser,sponsor_policy_change,3.687,3.3183,3.0111,3.6255,0.6144,Policy restriction reduces activation quality.
El Salvador,Budweiser,positive_viral_moment,3.687,4.2769,3.9437,4.6102,0.6665,Positive viral attention can lift upside but increases volatility.
Panama,Qatar Airways,key_player_injury,3.6863,3.1702,2.8474,3.4931,0.6457,Player availability shock lowers expected activation.
Panama,Qatar Airways,sentiment_crisis,3.6863,3.0228,2.6531,3.3925,0.7394,Negative social/news sentiment requires defensive spend.
Panama,Qatar Airways,sponsor_policy_change,3.6863,3.3177,3.0105,3.6249,0.6144,Policy restriction reduces activation quality.
Panama,Qatar Airways,positive_viral_moment,3.6863,4.2761,3.9429,4.6094,0.6665,Positive viral attention can lift upside but increases volatility.
Jamaica,Vivo,key_player_injury,3.683,3.1674,2.8445,3.4902,0.6457,Player availability shock lowers expected activation.
Jamaica,Vivo,sentiment_crisis,3.683,3.0201,2.6504,3.3898,0.7394,Negative social/news sentiment requires defensive spend.
Jamaica,Vivo,sponsor_policy_change,3.683,3.3147,3.0075,3.6219,0.6144,Policy restriction reduces activation quality.
Jamaica,Vivo,positive_viral_moment,3.683,4.2723,3.939,4.6055,0.6665,Positive viral attention can lift upside but increases volatility.
Bosnia and Herzegovina,Budweiser,key_player_injury,3.6787,3.1637,2.8409,3.4866,0.6457,Player availability shock lowers expected activation.
Bosnia and Herzegovina,Budweiser,sentiment_crisis,3.6787,3.0166,2.6469,3.3863,0.7394,Negative social/news sentiment requires defensive spend.
Bosnia and Herzegovina,Budweiser,sponsor_policy_change,3.6787,3.3109,3.0037,3.6181,0.6144,Policy restriction reduces activation quality.
Bosnia and Herzegovina,Budweiser,positive_viral_moment,3.6787,4.2673,3.9341,4.6006,0.6665,Positive viral attention can lift upside but increases volatility.
Yugoslavia,Qatar Airways,key_player_injury,3.6763,3.1616,2.8388,3.4845,0.6457,Player availability shock lowers expected activation.
Yugoslavia,Qatar Airways,sentiment_crisis,3.6763,3.0146,2.6449,3.3843,0.7394,Negative social/news sentiment requires defensive spend.
Yugoslavia,Qatar Airways,sponsor_policy_change,3.6763,3.3087,3.0015,3.6159,0.6144,Policy restriction reduces activation quality.
Yugoslavia,Qatar Airways,positive_viral_moment,3.6763,4.2645,3.9313,4.5978,0.6665,Positive viral attention can lift upside but increases volatility.
Paraguay,Hyundai,key_player_injury,3.6698,3.156,2.8331,3.4788,0.6457,Player availability shock lowers expected activation.
Paraguay,Hyundai,sentiment_crisis,3.6698,3.0092,2.6395,3.3789,0.7394,Negative social/news sentiment requires defensive spend.
Paraguay,Hyundai,sponsor_policy_change,3.6698,3.3028,2.9956,3.61,0.6144,Policy restriction reduces activation quality.
Paraguay,Hyundai,positive_viral_moment,3.6698,4.2569,3.9237,4.5902,0.6665,Positive viral attention can lift upside but increases volatility.
German DR,Visa,key_player_injury,3.6657,3.1525,2.8296,3.4753,0.6457,Player availability shock lowers expected activation.
German DR,Visa,sentiment_crisis,3.6657,3.0058,2.6361,3.3755,0.7394,Negative social/news sentiment requires defensive spend.
German DR,Visa,sponsor_policy_change,3.6657,3.2991,2.9919,3.6063,0.6144,Policy restriction reduces activation quality.
German DR,Visa,positive_viral_moment,3.6657,4.2522,3.9189,4.5854,0.6665,Positive viral attention can lift upside but increases volatility.
Peru,Budweiser,key_player_injury,3.6632,3.1504,2.8275,3.4732,0.6457,Player availability shock lowers expected activation.
Peru,Budweiser,sentiment_crisis,3.6632,3.0038,2.6341,3.3735,0.7394,Negative social/news sentiment requires defensive spend.
Peru,Budweiser,sponsor_policy_change,3.6632,3.2969,2.9897,3.6041,0.6144,Policy restriction reduces activation quality.
Peru,Budweiser,positive_viral_moment,3.6632,4.2493,3.9161,4.5826,0.6665,Positive viral attention can lift upside but increases volatility.
Ivory Coast,McDonald's,key_player_injury,3.6613,3.1487,2.8259,3.4716,0.6457,Player availability shock lowers expected activation.
Ivory Coast,McDonald's,sentiment_crisis,3.6613,3.0023,2.6326,3.372,0.7394,Negative social/news sentiment requires defensive spend.
Ivory Coast,McDonald's,sponsor_policy_change,3.6613,3.2952,2.988,3.6024,0.6144,Policy restriction reduces activation quality.
Ivory Coast,McDonald's,positive_viral_moment,3.6613,4.2471,3.9139,4.5804,0.6665,Positive viral attention can lift upside but increases volatility.
Scotland,Adidas,key_player_injury,3.6535,3.142,2.8191,3.4648,0.6457,Player availability shock lowers expected activation.
Scotland,Adidas,sentiment_crisis,3.6535,2.9958,2.6261,3.3655,0.7394,Negative social/news sentiment requires defensive spend.
Scotland,Adidas,sponsor_policy_change,3.6535,3.2881,2.9809,3.5953,0.6144,Policy restriction reduces activation quality.
Scotland,Adidas,positive_viral_moment,3.6535,4.238,3.9048,4.5713,0.6665,Positive viral attention can lift upside but increases volatility.
North Korea,Adidas,key_player_injury,3.6523,3.141,2.8181,3.4638,0.6457,Player availability shock lowers expected activation.
North Korea,Adidas,sentiment_crisis,3.6523,2.9949,2.6252,3.3646,0.7394,Negative social/news sentiment requires defensive spend.
North Korea,Adidas,sponsor_policy_change,3.6523,3.2871,2.9798,3.5943,0.6144,Policy restriction reduces activation quality.
North Korea,Adidas,positive_viral_moment,3.6523,4.2367,3.9034,4.5699,0.6665,Positive viral attention can lift upside but increases volatility.
Canada,Qatar Airways,key_player_injury,3.645,3.1347,2.8119,3.4575,0.6457,Player availability shock lowers expected activation.
Canada,Qatar Airways,sentiment_crisis,3.645,2.9889,2.6192,3.3586,0.7394,Negative social/news sentiment requires defensive spend.
Canada,Qatar Airways,sponsor_policy_change,3.645,3.2805,2.9733,3.5877,0.6144,Policy restriction reduces activation quality.
Canada,Qatar Airways,positive_viral_moment,3.645,4.2282,3.8949,4.5615,0.6665,Positive viral attention can lift upside but increases volatility.
Czechoslovakia,Coca-Cola,key_player_injury,3.6419,3.132,2.8092,3.4548,0.6457,Player availability shock lowers expected activation.
Czechoslovakia,Coca-Cola,sentiment_crisis,3.6419,2.9863,2.6166,3.356,0.7394,Negative social/news sentiment requires defensive spend.
Czechoslovakia,Coca-Cola,sponsor_policy_change,3.6419,3.2777,2.9705,3.5849,0.6144,Policy restriction reduces activation quality.
Czechoslovakia,Coca-Cola,positive_viral_moment,3.6419,4.2246,3.8913,4.5578,0.6665,Positive viral attention can lift upside but increases volatility.
Norway,McDonald's,key_player_injury,3.6277,3.1199,2.797,3.4427,0.6457,Player availability shock lowers expected activation.
Norway,McDonald's,sentiment_crisis,3.6277,2.9748,2.6051,3.3445,0.7394,Negative social/news sentiment requires defensive spend.
Norway,McDonald's,sponsor_policy_change,3.6277,3.265,2.9578,3.5722,0.6144,Policy restriction reduces activation quality.
Norway,McDonald's,positive_viral_moment,3.6277,4.2082,3.8749,4.5414,0.6665,Positive viral attention can lift upside but increases volatility.
Honduras,Visa,key_player_injury,3.6256,3.118,2.7951,3.4408,0.6457,Player availability shock lowers expected activation.
Honduras,Visa,sentiment_crisis,3.6256,2.973,2.6033,3.3427,0.7394,Negative social/news sentiment requires defensive spend.
Honduras,Visa,sponsor_policy_change,3.6256,3.263,2.9558,3.5702,0.6144,Policy restriction reduces activation quality.
Honduras,Visa,positive_viral_moment,3.6256,4.2056,3.8724,4.5389,0.6665,Positive viral attention can lift upside but increases volatility.
Tunisia,Coca-Cola,key_player_injury,3.6248,3.1174,2.7945,3.4402,0.6457,Player availability shock lowers expected activation.
Tunisia,Coca-Cola,sentiment_crisis,3.6248,2.9724,2.6027,3.3421,0.7394,Negative social/news sentiment requires defensive spend.
Tunisia,Coca-Cola,sponsor_policy_change,3.6248,3.2624,2.9551,3.5696,0.6144,Policy restriction reduces activation quality.
Tunisia,Coca-Cola,positive_viral_moment,3.6248,4.2048,3.8716,4.5381,0.6665,Positive viral attention can lift upside but increases volatility.
Wales,Coca-Cola,key_player_injury,3.6193,3.1126,2.7897,3.4354,0.6457,Player availability shock lowers expected activation.
Wales,Coca-Cola,sentiment_crisis,3.6193,2.9678,2.5981,3.3375,0.7394,Negative social/news sentiment requires defensive spend.
Wales,Coca-Cola,sponsor_policy_change,3.6193,3.2573,2.9501,3.5645,0.6144,Policy restriction reduces activation quality.
Wales,Coca-Cola,positive_viral_moment,3.6193,4.1983,3.8651,4.5316,0.6665,Positive viral attention can lift upside but increases volatility.
Poland,Coca-Cola,key_player_injury,3.6178,3.1113,2.7885,3.4342,0.6457,Player availability shock lowers expected activation.
Poland,Coca-Cola,sentiment_crisis,3.6178,2.9666,2.5969,3.3363,0.7394,Negative social/news sentiment requires defensive spend.
Poland,Coca-Cola,sponsor_policy_change,3.6178,3.256,2.9488,3.5633,0.6144,Policy restriction reduces activation quality.
Poland,Coca-Cola,positive_viral_moment,3.6178,4.1967,3.8634,4.5299,0.6665,Positive viral attention can lift upside but increases volatility.
Northern Ireland,Hisense,key_player_injury,3.6108,3.1053,2.7825,3.4282,0.6457,Player availability shock lowers expected activation.
Northern Ireland,Hisense,sentiment_crisis,3.6108,2.9609,2.5912,3.3306,0.7394,Negative social/news sentiment requires defensive spend.
Northern Ireland,Hisense,sponsor_policy_change,3.6108,3.2498,2.9425,3.557,0.6144,Policy restriction reduces activation quality.
Northern Ireland,Hisense,positive_viral_moment,3.6108,4.1886,3.8553,4.5218,0.6665,Positive viral attention can lift upside but increases volatility.
Algeria,Budweiser,key_player_injury,3.61,3.1046,2.7818,3.4274,0.6457,Player availability shock lowers expected activation.
Algeria,Budweiser,sentiment_crisis,3.61,2.9602,2.5905,3.3299,0.7394,Negative social/news sentiment requires defensive spend.
Algeria,Budweiser,sponsor_policy_change,3.61,3.249,2.9418,3.5562,0.6144,Policy restriction reduces activation quality.
Algeria,Budweiser,positive_viral_moment,3.61,4.1876,3.8543,4.5209,0.6665,Positive viral attention can lift upside but increases volatility.
Morocco,Coca-Cola,key_player_injury,3.6045,3.0998,2.777,3.4227,0.6457,Player availability shock lowers expected activation.
Morocco,Coca-Cola,sentiment_crisis,3.6045,2.9557,2.586,3.3254,0.7394,Negative social/news sentiment requires defensive spend.
Morocco,Coca-Cola,sponsor_policy_change,3.6045,3.244,2.9368,3.5512,0.6144,Policy restriction reduces activation quality.
Morocco,Coca-Cola,positive_viral_moment,3.6045,4.1812,3.8479,4.5144,0.6665,Positive viral attention can lift upside but increases volatility.
Egypt,Hyundai,key_player_injury,3.5944,3.0912,2.7684,3.414,0.6457,Player availability shock lowers expected activation.
Egypt,Hyundai,sentiment_crisis,3.5944,2.9474,2.5777,3.3171,0.7394,Negative social/news sentiment requires defensive spend.
Egypt,Hyundai,sponsor_policy_change,3.5944,3.235,2.9278,3.5422,0.6144,Policy restriction reduces activation quality.
Egypt,Hyundai,positive_viral_moment,3.5944,4.1695,3.8363,4.5028,0.6665,Positive viral attention can lift upside but increases volatility.
Mexico,Vivo,key_player_injury,3.5943,3.0911,2.7683,3.414,0.6457,Player availability shock lowers expected activation.
Mexico,Vivo,sentiment_crisis,3.5943,2.9473,2.5776,3.3171,0.7394,Negative social/news sentiment requires defensive spend.
Mexico,Vivo,sponsor_policy_change,3.5943,3.2349,2.9277,3.5421,0.6144,Policy restriction reduces activation quality.
Mexico,Vivo,positive_viral_moment,3.5943,4.1694,3.8362,4.5027,0.6665,Positive viral attention can lift upside but increases volatility.
Colombia,Mengniu,key_player_injury,3.5908,3.0881,2.7653,3.4109,0.6457,Player availability shock lowers expected activation.
Colombia,Mengniu,sentiment_crisis,3.5908,2.9445,2.5748,3.3142,0.7394,Negative social/news sentiment requires defensive spend.
Colombia,Mengniu,sponsor_policy_change,3.5908,3.2317,2.9245,3.539,0.6144,Policy restriction reduces activation quality.
Colombia,Mengniu,positive_viral_moment,3.5908,4.1653,3.8321,4.4986,0.6665,Positive viral attention can lift upside but increases volatility.
Australia,Mengniu,key_player_injury,3.5902,3.0876,2.7647,3.4104,0.6457,Player availability shock lowers expected activation.
Australia,Mengniu,sentiment_crisis,3.5902,2.944,2.5743,3.3137,0.7394,Negative social/news sentiment requires defensive spend.
Australia,Mengniu,sponsor_policy_change,3.5902,3.2312,2.924,3.5384,0.6144,Policy restriction reduces activation quality.
Australia,Mengniu,positive_viral_moment,3.5902,4.1646,3.8314,4.4979,0.6665,Positive viral attention can lift upside but increases volatility.
Greece,Qatar Airways,key_player_injury,3.588,3.0857,2.7628,3.4085,0.6457,Player availability shock lowers expected activation.
Greece,Qatar Airways,sentiment_crisis,3.588,2.9422,2.5725,3.3119,0.7394,Negative social/news sentiment requires defensive spend.
Greece,Qatar Airways,sponsor_policy_change,3.588,3.2292,2.922,3.5364,0.6144,Policy restriction reduces activation quality.
Greece,Qatar Airways,positive_viral_moment,3.588,4.1621,3.8288,4.4953,0.6665,Positive viral attention can lift upside but increases volatility.
Serbia,Vivo,key_player_injury,3.5672,3.0678,2.7449,3.3906,0.6457,Player availability shock lowers expected activation.
Serbia,Vivo,sentiment_crisis,3.5672,2.9251,2.5554,3.2948,0.7394,Negative social/news sentiment requires defensive spend.
Serbia,Vivo,sponsor_policy_change,3.5672,3.2105,2.9033,3.5177,0.6144,Policy restriction reduces activation quality.
Serbia,Vivo,positive_viral_moment,3.5672,4.1379,3.8047,4.4712,0.6665,Positive viral attention can lift upside but increases volatility.
Chile,Hisense,key_player_injury,3.5567,3.0588,2.7359,3.3816,0.6457,Player availability shock lowers expected activation.
Chile,Hisense,sentiment_crisis,3.5567,2.9165,2.5468,3.2862,0.7394,Negative social/news sentiment requires defensive spend.
Chile,Hisense,sponsor_policy_change,3.5567,3.2011,2.8938,3.5083,0.6144,Policy restriction reduces activation quality.
Chile,Hisense,positive_viral_moment,3.5567,4.1258,3.7926,4.4591,0.6665,Positive viral attention can lift upside but increases volatility.
Romania,Qatar Airways,key_player_injury,3.551,3.0539,2.7311,3.3767,0.6457,Player availability shock lowers expected activation.
Romania,Qatar Airways,sentiment_crisis,3.551,2.9119,2.5422,3.2816,0.7394,Negative social/news sentiment requires defensive spend.
Romania,Qatar Airways,sponsor_policy_change,3.551,3.1959,2.8887,3.5032,0.6144,Policy restriction reduces activation quality.
Romania,Qatar Airways,positive_viral_moment,3.551,4.1192,3.786,4.4525,0.6665,Positive viral attention can lift upside but increases volatility.
Bulgaria,Visa,key_player_injury,3.5478,3.0511,2.7283,3.374,0.6457,Player availability shock lowers expected activation.
Bulgaria,Visa,sentiment_crisis,3.5478,2.9092,2.5395,3.2789,0.7394,Negative social/news sentiment requires defensive spend.
Bulgaria,Visa,sponsor_policy_change,3.5478,3.1931,2.8858,3.5003,0.6144,Policy restriction reduces activation quality.
Bulgaria,Visa,positive_viral_moment,3.5478,4.1155,3.7822,4.4488,0.6665,Positive viral attention can lift upside but increases volatility.
Iran,Adidas,key_player_injury,3.5327,3.0381,2.7153,3.361,0.6457,Player availability shock lowers expected activation.
Iran,Adidas,sentiment_crisis,3.5327,2.8968,2.5271,3.2665,0.7394,Negative social/news sentiment requires defensive spend.
Iran,Adidas,sponsor_policy_change,3.5327,3.1795,2.8722,3.4867,0.6144,Policy restriction reduces activation quality.
Iran,Adidas,positive_viral_moment,3.5327,4.098,3.7647,4.4312,0.6665,Positive viral attention can lift upside but increases volatility.
Ecuador,McDonald's,key_player_injury,3.5311,3.0367,2.7139,3.3596,0.6457,Player availability shock lowers expected activation.
Ecuador,McDonald's,sentiment_crisis,3.5311,2.8955,2.5258,3.2652,0.7394,Negative social/news sentiment requires defensive spend.
Ecuador,McDonald's,sponsor_policy_change,3.5311,3.178,2.8708,3.4852,0.6144,Policy restriction reduces activation quality.
Ecuador,McDonald's,positive_viral_moment,3.5311,4.096,3.7628,4.4293,0.6665,Positive viral attention can lift upside but increases volatility.
Republic of Ireland,Hisense,key_player_injury,3.5286,3.0346,2.7118,3.3574,0.6457,Player availability shock lowers expected activation.
Republic of Ireland,Hisense,sentiment_crisis,3.5286,2.8935,2.5238,3.2632,0.7394,Negative social/news sentiment requires defensive spend.
Republic of Ireland,Hisense,sponsor_policy_change,3.5286,3.1758,2.8685,3.483,0.6144,Policy restriction reduces activation quality.
Republic of Ireland,Hisense,positive_viral_moment,3.5286,4.0932,3.7599,4.4264,0.6665,Positive viral attention can lift upside but increases volatility.
Ghana,Vivo,key_player_injury,3.5261,3.0324,2.7096,3.3553,0.6457,Player availability shock lowers expected activation.
Ghana,Vivo,sentiment_crisis,3.5261,2.8914,2.5217,3.2611,0.7394,Negative social/news sentiment requires defensive spend.
Ghana,Vivo,sponsor_policy_change,3.5261,3.1735,2.8662,3.4807,0.6144,Policy restriction reduces activation quality.
Ghana,Vivo,positive_viral_moment,3.5261,4.0902,3.757,4.4235,0.6665,Positive viral attention can lift upside but increases volatility.
United States,Mengniu,key_player_injury,3.5226,3.0294,2.7066,3.3523,0.6457,Player availability shock lowers expected activation.
United States,Mengniu,sentiment_crisis,3.5226,2.8885,2.5188,3.2582,0.7394,Negative social/news sentiment requires defensive spend.
United States,Mengniu,sponsor_policy_change,3.5226,3.1703,2.8631,3.4775,0.6144,Policy restriction reduces activation quality.
United States,Mengniu,positive_viral_moment,3.5226,4.0862,3.7529,4.4194,0.6665,Positive viral attention can lift upside but increases volatility.
DR Congo,Hyundai,key_player_injury,3.5203,3.0275,2.7046,3.3503,0.6457,Player availability shock lowers expected activation.
DR Congo,Hyundai,sentiment_crisis,3.5203,2.8867,2.517,3.2564,0.7394,Negative social/news sentiment requires defensive spend.
DR Congo,Hyundai,sponsor_policy_change,3.5203,3.1683,2.8611,3.4755,0.6144,Policy restriction reduces activation quality.
DR Congo,Hyundai,positive_viral_moment,3.5203,4.0836,3.7503,4.4168,0.6665,Positive viral attention can lift upside but increases volatility.
Portugal,Mengniu,key_player_injury,3.5188,3.0261,2.7033,3.349,0.6457,Player availability shock lowers expected activation.
Portugal,Mengniu,sentiment_crisis,3.5188,2.8854,2.5157,3.2551,0.7394,Negative social/news sentiment requires defensive spend.
Portugal,Mengniu,sponsor_policy_change,3.5188,3.1669,2.8597,3.4741,0.6144,Policy restriction reduces activation quality.
Portugal,Mengniu,positive_viral_moment,3.5188,4.0818,3.7485,4.415,0.6665,Positive viral attention can lift upside but increases volatility.
Uruguay,Vivo,key_player_injury,3.5171,3.0247,2.7019,3.3476,0.6457,Player availability shock lowers expected activation.
Uruguay,Vivo,sentiment_crisis,3.5171,2.8841,2.5143,3.2538,0.7394,Negative social/news sentiment requires defensive spend.
Uruguay,Vivo,sponsor_policy_change,3.5171,3.1654,2.8582,3.4726,0.6144,Policy restriction reduces activation quality.
Uruguay,Vivo,positive_viral_moment,3.5171,4.0799,3.7466,4.4131,0.6665,Positive viral attention can lift upside but increases volatility.
England,McDonald's,key_player_injury,3.4927,3.0038,2.6809,3.3266,0.6457,Player availability shock lowers expected activation.
England,McDonald's,sentiment_crisis,3.4927,2.864,2.4943,3.2338,0.7394,Negative social/news sentiment requires defensive spend.
England,McDonald's,sponsor_policy_change,3.4927,3.1435,2.8363,3.4507,0.6144,Policy restriction reduces activation quality.
England,McDonald's,positive_viral_moment,3.4927,4.0516,3.7183,4.3848,0.6665,Positive viral attention can lift upside but increases volatility.
Haiti,Mengniu,key_player_injury,3.3948,2.9195,2.5966,3.2423,0.6457,Player availability shock lowers expected activation.
Haiti,Mengniu,sentiment_crisis,3.3948,2.7837,2.414,3.1534,0.7394,Negative social/news sentiment requires defensive spend.
Haiti,Mengniu,sponsor_policy_change,3.3948,3.0553,2.7481,3.3625,0.6144,Policy restriction reduces activation quality.
Haiti,Mengniu,positive_viral_moment,3.3948,3.9379,3.6047,4.2712,0.6665,Positive viral attention can lift upside but increases volatility.
Angola,Coca-Cola,key_player_injury,3.3717,2.8996,2.5768,3.2225,0.6457,Player availability shock lowers expected activation.
Angola,Coca-Cola,sentiment_crisis,3.3717,2.7648,2.3951,3.1345,0.7394,Negative social/news sentiment requires defensive spend.
Angola,Coca-Cola,sponsor_policy_change,3.3717,3.0345,2.7273,3.3417,0.6144,Policy restriction reduces activation quality.
Angola,Coca-Cola,positive_viral_moment,3.3717,3.9111,3.5779,4.2444,0.6665,Positive viral attention can lift upside but increases volatility.
Austria,McDonald's,key_player_injury,3.3567,2.8868,2.5639,3.2096,0.6457,Player availability shock lowers expected activation.
Austria,McDonald's,sentiment_crisis,3.3567,2.7525,2.3828,3.1222,0.7394,Negative social/news sentiment requires defensive spend.
Austria,McDonald's,sponsor_policy_change,3.3567,3.021,2.7138,3.3282,0.6144,Policy restriction reduces activation quality.
Austria,McDonald's,positive_viral_moment,3.3567,3.8938,3.5605,4.227,0.6665,Positive viral attention can lift upside but increases volatility.
Slovenia,Vivo,key_player_injury,3.3565,2.8866,2.5638,3.2094,0.6457,Player availability shock lowers expected activation.
Slovenia,Vivo,sentiment_crisis,3.3565,2.7523,2.3826,3.122,0.7394,Negative social/news sentiment requires defensive spend.
Slovenia,Vivo,sponsor_policy_change,3.3565,3.0209,2.7136,3.3281,0.6144,Policy restriction reduces activation quality.
Slovenia,Vivo,positive_viral_moment,3.3565,3.8935,3.5603,4.2268,0.6665,Positive viral attention can lift upside but increases volatility.
Trinidad and Tobago,Mengniu,key_player_injury,3.345,2.8767,2.5539,3.1995,0.6457,Player availability shock lowers expected activation.
Trinidad and Tobago,Mengniu,sentiment_crisis,3.345,2.7429,2.3732,3.1126,0.7394,Negative social/news sentiment requires defensive spend.
Trinidad and Tobago,Mengniu,sponsor_policy_change,3.345,3.0105,2.7033,3.3177,0.6144,Policy restriction reduces activation quality.
Trinidad and Tobago,Mengniu,positive_viral_moment,3.345,3.8802,3.5469,4.2135,0.6665,Positive viral attention can lift upside but increases volatility.
Slovakia,McDonald's,key_player_injury,3.3258,2.8601,2.5373,3.183,0.6457,Player availability shock lowers expected activation.
Slovakia,McDonald's,sentiment_crisis,3.3258,2.7271,2.3574,3.0968,0.7394,Negative social/news sentiment requires defensive spend.
Slovakia,McDonald's,sponsor_policy_change,3.3258,2.9932,2.686,3.3004,0.6144,Policy restriction reduces activation quality.
Slovakia,McDonald's,positive_viral_moment,3.3258,3.8579,3.5246,4.1911,0.6665,Positive viral attention can lift upside but increases volatility.
Czech Republic,Mengniu,key_player_injury,3.3232,2.858,2.5352,3.1808,0.6457,Player availability shock lowers expected activation.
Czech Republic,Mengniu,sentiment_crisis,3.3232,2.7251,2.3554,3.0948,0.7394,Negative social/news sentiment requires defensive spend.
Czech Republic,Mengniu,sponsor_policy_change,3.3232,2.9909,2.6837,3.2981,0.6144,Policy restriction reduces activation quality.
Czech Republic,Mengniu,positive_viral_moment,3.3232,3.855,3.5217,4.1882,0.6665,Positive viral attention can lift upside but increases volatility.
Iraq,McDonald's,key_player_injury,3.2923,2.8314,2.5086,3.1542,0.6457,Player availability shock lowers expected activation.
Iraq,McDonald's,sentiment_crisis,3.2923,2.6997,2.33,3.0694,0.7394,Negative social/news sentiment requires defensive spend.
Iraq,McDonald's,sponsor_policy_change,3.2923,2.9631,2.6559,3.2703,0.6144,Policy restriction reduces activation quality.
Iraq,McDonald's,positive_viral_moment,3.2923,3.8191,3.4859,4.1524,0.6665,Positive viral attention can lift upside but increases volatility.
Bolivia,Hisense,key_player_injury,3.2385,2.7851,2.4623,3.1079,0.6457,Player availability shock lowers expected activation.
Bolivia,Hisense,sentiment_crisis,3.2385,2.6556,2.2859,3.0253,0.7394,Negative social/news sentiment requires defensive spend.
Bolivia,Hisense,sponsor_policy_change,3.2385,2.9147,2.6074,3.2219,0.6144,Policy restriction reduces activation quality.
Bolivia,Hisense,positive_viral_moment,3.2385,3.7567,3.4234,4.0899,0.6665,Positive viral attention can lift upside but increases volatility.
Togo,Vivo,key_player_injury,3.0807,2.6494,2.3265,2.9722,0.6457,Player availability shock lowers expected activation.
Togo,Vivo,sentiment_crisis,3.0807,2.5261,2.1564,2.8958,0.7394,Negative social/news sentiment requires defensive spend.
Togo,Vivo,sponsor_policy_change,3.0807,2.7726,2.4654,3.0798,0.6144,Policy restriction reduces activation quality.
Togo,Vivo,positive_viral_moment,3.0807,3.5736,3.2403,3.9068,0.6665,Positive viral attention can lift upside but increases volatility.
Qatar,Vivo,key_player_injury,3.0158,2.5935,2.2707,2.9164,0.6457,Player availability shock lowers expected activation.
Qatar,Vivo,sentiment_crisis,3.0158,2.4729,2.1032,2.8426,0.7394,Negative social/news sentiment requires defensive spend.
Qatar,Vivo,sponsor_policy_change,3.0158,2.7142,2.407,3.0214,0.6144,Policy restriction reduces activation quality.
Qatar,Vivo,positive_viral_moment,3.0158,3.4983,3.165,3.8315,0.6665,Positive viral attention can lift upside but increases volatility.
Cuba,Mengniu,key_player_injury,2.9607,2.5462,2.2233,2.869,0.6457,Player availability shock lowers expected activation.
Cuba,Mengniu,sentiment_crisis,2.9607,2.4277,2.058,2.7974,0.7394,Negative social/news sentiment requires defensive spend.
Cuba,Mengniu,sponsor_policy_change,2.9607,2.6646,2.3574,2.9718,0.6144,Policy restriction reduces activation quality.
Cuba,Mengniu,positive_viral_moment,2.9607,3.4344,3.1011,3.7676,0.6665,Positive viral attention can lift upside but increases volatility.
Israel,Budweiser,key_player_injury,2.8563,2.4564,2.1336,2.7793,0.6457,Player availability shock lowers expected activation.
Israel,Budweiser,sentiment_crisis,2.8563,2.3422,1.9725,2.7119,0.7394,Negative social/news sentiment requires defensive spend.
Israel,Budweiser,sponsor_policy_change,2.8563,2.5707,2.2635,2.8779,0.6144,Policy restriction reduces activation quality.
Israel,Budweiser,positive_viral_moment,2.8563,3.3133,2.9801,3.6466,0.6665,Positive viral attention can lift upside but increases volatility.
