source,connected_teams,player_commercial_influence,avg_influence
Spain team_attack_unit,1,10.417,10.417
Uruguay team_attack_unit,1,8.684,8.684
Argentina team_defense_unit,1,8.479,8.479
Switzerland team_attack_unit,1,8.226,8.226
Brazil team_midfield_unit,1,8.108,8.108
Denmark team_defense_unit,1,7.995,7.995
Croatia team_midfield_unit,1,7.929,7.929
Austria team_attack_unit,1,7.539,7.539
Germany team_midfield_unit,1,7.469,7.469
Hungary team_defense_unit,1,7.461,7.461
France team_midfield_unit,1,7.457,7.457
Uruguay team_defense_unit,1,7.331,7.331
Belgium team_midfield_unit,1,7.159,7.159
Paraguay team_attack_unit,1,7.153,7.153
Belgium team_attack_unit,1,6.727,6.727
France team_defense_unit,1,6.641,6.641
Scotland team_attack_unit,1,6.412,6.412
England team_midfield_unit,1,6.381,6.381
Morocco team_defense_unit,1,6.358,6.358
Mexico team_midfield_unit,1,6.094,6.094
Costa Rica team_attack_unit,1,6.036,6.036
Brazil team_attack_unit,1,5.968,5.968
Chile team_attack_unit,1,5.948,5.948
Italy team_defense_unit,1,5.844,5.844
Costa Rica team_defense_unit,1,5.717,5.717
Peru team_midfield_unit,1,5.654,5.654
Serbia team_attack_unit,1,5.55,5.55
England team_attack_unit,1,5.528,5.528
Ecuador team_midfield_unit,1,5.457,5.457
Serbia team_defense_unit,1,5.37,5.37
Turkey team_attack_unit,1,5.336,5.336
Denmark team_midfield_unit,1,5.311,5.311
Hungary team_attack_unit,1,5.188,5.188
Algeria team_attack_unit,1,5.136,5.136
Japan team_attack_unit,1,5.111,5.111
Switzerland team_defense_unit,1,5.107,5.107
Poland team_attack_unit,1,5.047,5.047
Turkey team_midfield_unit,1,4.996,4.996
Cameroon team_defense_unit,1,4.934,4.934
Scotland team_midfield_unit,1,4.918,4.918
Germany team_defense_unit,1,4.916,4.916
Republic of Ireland team_midfield_unit,1,4.881,4.881
Belgium team_defense_unit,1,4.857,4.857
Senegal team_attack_unit,1,4.844,4.844
Poland team_defense_unit,1,4.839,4.839
Bulgaria team_attack_unit,1,4.767,4.767
German DR team_defense_unit,1,4.731,4.731
Russia team_attack_unit,1,4.642,4.642
Croatia team_attack_unit,1,4.606,4.606
South Korea team_defense_unit,1,4.601,4.601
Argentina team_midfield_unit,1,4.566,4.566
Saudi Arabia team_defense_unit,1,4.558,4.558
Chile team_defense_unit,1,4.545,4.545
Russia team_midfield_unit,1,4.531,4.531
Netherlands team_midfield_unit,1,4.528,4.528
Croatia team_defense_unit,1,4.491,4.491
United States team_defense_unit,1,4.483,4.483
Czechoslovakia team_midfield_unit,1,4.482,4.482
Northern Ireland team_attack_unit,1,4.435,4.435
Spain team_midfield_unit,1,4.415,4.415
Sweden team_defense_unit,1,4.411,4.411
Portugal team_defense_unit,1,4.343,4.343
Netherlands team_defense_unit,1,4.308,4.308
Turkey team_defense_unit,1,4.185,4.185
Sweden team_midfield_unit,1,4.181,4.181
Yugoslavia team_midfield_unit,1,4.177,4.177
South Korea team_midfield_unit,1,4.174,4.174
Tunisia team_attack_unit,1,4.143,4.143
Scotland team_defense_unit,1,4.052,4.052
Colombia team_defense_unit,1,4.022,4.022
Peru team_defense_unit,1,4.013,4.013
Uruguay team_midfield_unit,1,3.892,3.892
Denmark team_attack_unit,1,3.835,3.835
Mexico team_defense_unit,1,3.831,3.831
South Africa team_midfield_unit,1,3.823,3.823
Tunisia team_defense_unit,1,3.819,3.819
Austria team_midfield_unit,1,3.725,3.725
Argentina team_attack_unit,1,3.708,3.708
Greece team_attack_unit,1,3.706,3.706
Iran team_midfield_unit,1,3.688,3.688
Ecuador team_defense_unit,1,3.686,3.686
Norway team_midfield_unit,1,3.673,3.673
Republic of Ireland team_defense_unit,1,3.668,3.668
Portugal team_midfield_unit,1,3.647,3.647
Chile team_midfield_unit,1,3.636,3.636
Romania team_midfield_unit,1,3.584,3.584
Czechoslovakia team_defense_unit,1,3.566,3.566
Russia team_defense_unit,1,3.507,3.507
Paraguay team_defense_unit,1,3.485,3.485
Czech Republic team_attack_unit,1,3.455,3.455
Sweden team_attack_unit,1,3.434,3.434
Slovakia team_attack_unit,1,3.431,3.431
German DR team_midfield_unit,1,3.423,3.423
Iran team_defense_unit,1,3.366,3.366
Mexico team_attack_unit,1,3.356,3.356
Wales team_defense_unit,1,3.322,3.322
Algeria team_defense_unit,1,3.307,3.307
Norway team_attack_unit,1,3.298,3.298
United States team_midfield_unit,1,3.295,3.295
Bosnia and Herzegovina team_midfield_unit,1,3.278,3.278
Ecuador team_attack_unit,1,3.259,3.259
South Africa team_defense_unit,1,3.258,3.258
Ghana team_midfield_unit,1,3.258,3.258
Spain team_defense_unit,1,3.256,3.256
Peru team_attack_unit,1,3.247,3.247
Slovenia team_defense_unit,1,3.247,3.247
Jamaica team_defense_unit,1,3.226,3.226
Saudi Arabia team_midfield_unit,1,3.209,3.209
Czechoslovakia team_attack_unit,1,3.165,3.165
Canada team_midfield_unit,1,3.156,3.156
Slovenia team_attack_unit,1,3.153,3.153
Germany team_attack_unit,1,3.08,3.08
Nigeria team_attack_unit,1,3.065,3.065
Jamaica team_midfield_unit,1,3.025,3.025
Netherlands team_attack_unit,1,3.024,3.024
Yugoslavia team_defense_unit,1,3.01,3.01
United States team_attack_unit,1,3.01,3.01
South Africa team_attack_unit,1,2.989,2.989
Ukraine team_midfield_unit,1,2.925,2.925
Egypt team_defense_unit,1,2.866,2.866
New Zealand team_defense_unit,1,2.84,2.84
Togo team_defense_unit,1,2.816,2.816
Ghana team_attack_unit,1,2.798,2.798
England team_defense_unit,1,2.794,2.794
Canada team_attack_unit,1,2.794,2.794
Bosnia and Herzegovina team_attack_unit,1,2.793,2.793
North Korea team_midfield_unit,1,2.791,2.791
Poland team_midfield_unit,1,2.79,2.79
China PR team_defense_unit,1,2.742,2.742
Ivory Coast team_midfield_unit,1,2.728,2.728
Costa Rica team_midfield_unit,1,2.724,2.724
Hungary team_midfield_unit,1,2.704,2.704
Cameroon team_attack_unit,1,2.639,2.639
France team_attack_unit,1,2.626,2.626
Northern Ireland team_defense_unit,1,2.622,2.622
Iran team_attack_unit,1,2.595,2.595
Honduras team_attack_unit,1,2.59,2.59
North Korea team_attack_unit,1,2.581,2.581
Czech Republic team_defense_unit,1,2.567,2.567
Australia team_midfield_unit,1,2.56,2.56
Italy team_midfield_unit,1,2.535,2.535
Romania team_defense_unit,1,2.51,2.51
Portugal team_attack_unit,1,2.509,2.509
Bolivia team_midfield_unit,1,2.492,2.492
Haiti team_midfield_unit,1,2.491,2.491
Italy team_attack_unit,1,2.46,2.46
Morocco team_attack_unit,1,2.426,2.426
Greece team_defense_unit,1,2.423,2.423
Serbia team_midfield_unit,1,2.366,2.366
DR Congo team_attack_unit,1,2.345,2.345
German DR team_attack_unit,1,2.342,2.342
DR Congo team_midfield_unit,1,2.333,2.333
South Korea team_attack_unit,1,2.319,2.319
Panama team_midfield_unit,1,2.311,2.311
United Arab Emirates team_defense_unit,1,2.294,2.294
Algeria team_midfield_unit,1,2.292,2.292
New Zealand team_midfield_unit,1,2.287,2.287
El Salvador team_defense_unit,1,2.283,2.283
Australia team_defense_unit,1,2.276,2.276
Cuba team_attack_unit,1,2.274,2.274
China PR team_midfield_unit,1,2.26,2.26
Nigeria team_defense_unit,1,2.25,2.25
Nigeria team_midfield_unit,1,2.221,2.221
Morocco team_midfield_unit,1,2.217,2.217
Bulgaria team_defense_unit,1,2.2,2.2
United Arab Emirates team_attack_unit,1,2.175,2.175
Iceland team_attack_unit,1,2.154,2.154
Japan team_midfield_unit,1,2.151,2.151
Egypt team_midfield_unit,1,2.149,2.149
El Salvador team_attack_unit,1,2.125,2.125
Tunisia team_midfield_unit,1,2.119,2.119
China PR team_attack_unit,1,2.102,2.102
Haiti team_attack_unit,1,2.085,2.085
Switzerland team_midfield_unit,1,2.078,2.078
Iraq team_midfield_unit,1,2.073,2.073
Kuwait team_attack_unit,1,2.065,2.065
Japan team_defense_unit,1,2.06,2.06
Cuba team_midfield_unit,1,2.035,2.035
Paraguay team_midfield_unit,1,2.03,2.03
Ivory Coast team_defense_unit,1,2.023,2.023
Angola team_midfield_unit,1,2.015,2.015
New Zealand team_attack_unit,1,2.011,2.011
Northern Ireland team_midfield_unit,1,2.011,2.011
Iceland team_defense_unit,1,1.993,1.993
Slovakia team_midfield_unit,1,1.95,1.95
Cameroon team_midfield_unit,1,1.934,1.934
Colombia team_midfield_unit,1,1.922,1.922
Israel team_attack_unit,1,1.891,1.891
Austria team_defense_unit,1,1.861,1.861
Australia team_attack_unit,1,1.843,1.843
Yugoslavia team_attack_unit,1,1.841,1.841
Ghana team_defense_unit,1,1.836,1.836
Romania team_attack_unit,1,1.813,1.813
Wales team_midfield_unit,1,1.813,1.813
Cuba team_defense_unit,1,1.811,1.811
Wales team_attack_unit,1,1.809,1.809
Senegal team_midfield_unit,1,1.758,1.758
Togo team_midfield_unit,1,1.738,1.738
Saudi Arabia team_attack_unit,1,1.736,1.736
Qatar team_defense_unit,1,1.73,1.73
Iraq team_attack_unit,1,1.727,1.727
Trinidad and Tobago team_midfield_unit,1,1.693,1.693
Senegal team_defense_unit,1,1.667,1.667
Ukraine team_attack_unit,1,1.618,1.618
Bolivia team_defense_unit,1,1.567,1.567
Ivory Coast team_attack_unit,1,1.549,1.549
Colombia team_attack_unit,1,1.546,1.546
Trinidad and Tobago team_attack_unit,1,1.54,1.54
Canada team_defense_unit,1,1.536,1.536
Slovenia team_midfield_unit,1,1.51,1.51
Haiti team_defense_unit,1,1.495,1.495
Brazil team_defense_unit,1,1.494,1.494
Togo team_attack_unit,1,1.47,1.47
Jamaica team_attack_unit,1,1.459,1.459
Honduras team_midfield_unit,1,1.432,1.432
El Salvador team_midfield_unit,1,1.425,1.425
Republic of Ireland team_attack_unit,1,1.269,1.269
Bosnia and Herzegovina team_defense_unit,1,1.267,1.267
Ukraine team_defense_unit,1,1.253,1.253
Israel team_midfield_unit,1,1.251,1.251
Iraq team_defense_unit,1,1.216,1.216
Indonesia team_attack_unit,1,1.207,1.207
Norway team_defense_unit,1,1.192,1.192
Indonesia team_defense_unit,1,1.185,1.185
Greece team_midfield_unit,1,1.125,1.125
Slovakia team_defense_unit,1,1.082,1.082
Qatar team_midfield_unit,1,1.077,1.077
Czech Republic team_midfield_unit,1,1.066,1.066
Trinidad and Tobago team_defense_unit,1,0.997,0.997
Israel team_defense_unit,1,0.978,0.978
Iceland team_midfield_unit,1,0.926,0.926
Angola team_attack_unit,1,0.919,0.919
Kuwait team_defense_unit,1,0.905,0.905
Honduras team_defense_unit,1,0.891,0.891
Indonesia team_midfield_unit,1,0.889,0.889
DR Congo team_defense_unit,1,0.863,0.863
Egypt team_attack_unit,1,0.859,0.859
Panama team_defense_unit,1,0.858,0.858
Bulgaria team_midfield_unit,1,0.848,0.848
Qatar team_attack_unit,1,0.809,0.809
North Korea team_defense_unit,1,0.795,0.795
United Arab Emirates team_midfield_unit,1,0.793,0.793
Bolivia team_attack_unit,1,0.791,0.791
Kuwait team_midfield_unit,1,0.734,0.734
Angola team_defense_unit,1,0.703,0.703
Panama team_attack_unit,1,0.318,0.318
