match_id,year,team_a,team_b,stage,neutral_site,host_advantage_a,stadium_capacity_k,temperature_c,humidity,weather,event_attention_m,media_reposts_k,result
1,1958,Saudi Arabia,Morocco,semi_final,1,0.0,40.5,26.8,59.1,windy,43.22,127.53,A_win
2,2018,Argentina,USA,group,1,0.0,54.8,16.4,55.3,clear,37.53,72.79,B_win
3,1942,Portugal,Uruguay,quarter_final,0,0.18,58.6,18.1,38.5,clear,52.55,180.28,A_win
4,1978,Morocco,Ghana,round_16,1,0.0,54.8,20.0,62.6,clear,47.22,113.86,B_win
5,2002,South Korea,Australia,round_16,1,0.0,81.0,15.9,19.9,rain,41.46,125.83,B_win
6,1990,Uruguay,Croatia,round_16,1,0.0,40.0,21.3,44.4,rain,59.42,159.24,B_win
7,1930,Spain,Belgium,group,1,0.0,56.5,24.9,64.6,cloudy,47.8,193.44,A_win
8,1966,Croatia,Argentina,semi_final,1,0.0,62.5,24.1,64.1,rain,47.87,73.0,A_win
9,1930,Nigeria,Canada,group,1,0.0,71.3,14.6,50.7,cloudy,32.35,95.61,B_win
10,1942,Argentina,Brazil,semi_final,1,0.0,57.8,22.5,56.1,hot,31.37,102.0,draw
11,1938,Qatar,Japan,semi_final,0,0.0,18.0,12.1,43.0,cloudy,44.44,115.71,A_win
12,1934,Belgium,England,quarter_final,1,0.0,33.4,26.7,59.8,rain,47.99,251.35,B_win
13,1986,Croatia,Canada,semi_final,0,0.0,64.4,27.9,46.8,rain,43.17,194.46,B_win
14,1982,Nigeria,Australia,group,1,0.0,44.1,24.8,47.7,cloudy,34.48,200.19,A_win
15,1970,Mexico,Croatia,group,1,0.0,76.6,35.5,63.6,cloudy,40.79,81.92,A_win
16,1942,Australia,England,group,1,0.0,77.2,26.0,51.6,clear,43.87,47.25,draw
17,1942,Ghana,Saudi Arabia,group,1,0.0,46.6,33.6,49.3,cloudy,30.34,91.09,B_win
18,1990,Saudi Arabia,Ghana,semi_final,1,0.0,36.2,22.2,44.6,cloudy,46.23,140.58,B_win
19,1970,Germany,Ghana,group,1,0.0,75.7,21.1,32.5,cloudy,32.42,114.54,draw
20,1978,USA,Netherlands,round_16,1,0.0,63.3,21.9,49.3,clear,35.98,181.38,A_win
21,1998,Uruguay,Nigeria,group,1,0.0,60.1,29.8,56.9,clear,38.11,99.04,B_win
22,1974,Portugal,Belgium,group,1,0.0,64.1,15.4,84.0,rain,38.31,64.49,draw
23,2002,England,Canada,group,1,0.0,63.4,26.2,65.4,cloudy,45.26,65.02,A_win
24,2002,Canada,USA,group,1,0.0,61.2,20.5,66.7,clear,46.31,139.07,A_win
25,2022,Uruguay,Japan,semi_final,1,0.0,69.2,24.7,44.3,clear,53.57,133.32,draw
26,2018,Canada,Netherlands,final,1,0.0,97.1,14.4,84.5,rain,65.71,227.97,B_win
27,1958,England,Italy,group,1,0.0,47.7,23.6,38.7,rain,49.14,244.78,B_win
28,1950,Germany,Morocco,group,1,0.0,61.6,33.2,95.0,windy,28.64,142.19,B_win
29,1990,Qatar,Brazil,quarter_final,1,0.0,35.6,13.2,69.8,cloudy,43.77,106.74,B_win
30,1950,Italy,Netherlands,round_16,1,0.0,83.3,27.5,75.5,clear,46.76,208.63,B_win
31,1946,England,Croatia,round_16,1,0.0,45.3,33.1,73.1,rain,40.72,111.25,B_win
32,1946,Italy,England,group,1,0.0,63.6,17.1,66.1,clear,38.68,89.38,A_win
33,2010,France,Nigeria,round_16,1,0.0,24.4,17.7,53.3,hot,43.23,210.63,A_win
34,1970,Croatia,USA,group,1,0.0,85.5,7.8,22.0,clear,39.32,118.72,A_win
35,2022,Ghana,France,group,1,0.0,73.4,25.9,47.9,cloudy,41.78,130.46,B_win
36,1946,Australia,Qatar,quarter_final,1,0.0,53.9,13.4,40.3,cloudy,44.87,318.56,A_win
37,1962,Italy,Morocco,group,1,0.0,42.0,23.4,29.2,cloudy,35.55,112.49,A_win
38,2002,Portugal,Germany,group,1,0.0,57.8,14.4,52.3,rain,40.69,151.49,B_win
39,2010,France,Australia,group,1,0.0,89.4,15.4,41.3,clear,51.91,107.68,A_win
40,1966,France,Spain,group,1,0.0,46.6,17.8,95.0,clear,34.83,142.7,B_win
41,1970,Spain,Saudi Arabia,semi_final,0,0.0,38.9,33.3,57.2,hot,29.79,103.33,A_win
42,1942,Belgium,Qatar,group,1,0.0,67.1,20.2,37.8,cloudy,39.53,122.41,B_win
43,2006,Croatia,Saudi Arabia,group,1,0.0,78.4,17.0,88.3,clear,49.01,212.26,A_win
44,2006,Japan,Croatia,semi_final,1,0.0,82.3,18.4,63.4,cloudy,54.75,132.0,draw
45,2022,Brazil,Netherlands,group,1,0.0,70.7,20.9,57.1,clear,38.35,85.99,B_win
46,2022,Canada,Spain,round_16,0,0.18,48.0,24.2,47.2,rain,50.43,172.05,draw
47,1934,Argentina,Uruguay,quarter_final,1,0.0,62.0,14.7,57.6,clear,46.84,187.78,draw
48,1934,Morocco,Portugal,round_16,1,0.0,32.8,19.4,37.2,cloudy,48.17,147.44,draw
49,1982,France,Uruguay,quarter_final,1,0.0,42.1,32.6,15.0,clear,29.57,58.77,draw
50,2014,Ghana,England,group,1,0.0,64.0,13.6,79.4,clear,41.12,101.53,B_win
51,1938,Uruguay,Ghana,group,1,0.0,56.0,29.2,24.2,clear,29.7,121.25,B_win
52,1946,Croatia,England,final,0,0.18,45.2,27.0,65.9,cloudy,66.72,139.65,B_win
53,1974,South Korea,Qatar,round_16,1,0.0,67.0,15.0,64.3,hot,44.32,156.74,B_win
54,1998,Mexico,Brazil,group,1,0.0,30.3,30.0,51.2,clear,41.5,84.04,draw
55,1946,France,Morocco,round_16,1,0.0,32.3,23.8,64.6,cloudy,46.64,149.1,B_win
56,2022,Australia,England,round_16,1,0.0,30.0,24.7,80.5,clear,47.28,159.78,draw
57,1998,Belgium,Spain,group,0,0.0,67.6,22.7,68.4,windy,48.56,220.68,draw
58,1982,Uruguay,Brazil,group,1,0.0,68.4,23.9,67.2,hot,39.72,260.39,draw
59,1990,Saudi Arabia,Japan,group,0,0.0,58.4,22.5,54.2,clear,43.21,211.97,draw
60,1946,South Korea,Spain,group,1,0.0,53.7,17.5,42.4,cloudy,43.22,141.06,B_win
61,1930,Qatar,Italy,final,1,0.0,63.8,14.3,83.9,cloudy,61.54,204.62,draw
62,1986,Argentina,Qatar,semi_final,1,0.0,56.3,21.2,84.4,cloudy,50.69,340.59,A_win
63,2002,Netherlands,Japan,round_16,1,0.0,65.4,30.9,58.7,rain,40.52,75.62,B_win
64,1978,Spain,Japan,group,1,0.0,54.9,22.9,95.0,windy,23.54,61.69,draw
65,1954,Croatia,Spain,group,1,0.0,45.0,30.1,33.3,clear,46.55,148.87,B_win
66,1950,Croatia,Netherlands,group,1,0.0,63.2,15.9,70.8,cloudy,32.51,80.1,A_win
67,1954,Uruguay,England,group,1,0.0,57.3,38.0,60.4,clear,26.23,95.48,draw
68,1994,Australia,Portugal,group,1,0.0,53.0,10.5,35.2,cloudy,46.0,127.32,B_win
69,2006,Australia,Mexico,group,0,0.0,66.9,26.2,75.7,hot,40.19,243.89,draw
70,1998,England,Spain,quarter_final,1,0.0,71.4,25.7,56.1,cloudy,47.77,132.11,B_win
71,1970,Netherlands,Senegal,group,1,0.0,48.7,21.4,33.2,rain,33.47,77.92,A_win
72,1998,Spain,England,group,1,0.0,39.7,17.4,46.6,windy,35.88,114.09,A_win
73,1930,Senegal,Croatia,group,1,0.0,34.7,15.2,58.5,cloudy,39.93,55.27,B_win
74,2014,England,Argentina,group,1,0.0,32.1,7.6,75.0,clear,39.31,100.69,A_win
75,1970,Italy,Nigeria,round_16,1,0.0,63.1,25.7,86.4,rain,48.66,143.39,B_win
76,2022,Croatia,France,group,1,0.0,61.1,22.5,51.1,clear,43.72,120.23,draw
77,1938,Portugal,England,semi_final,1,0.0,63.2,18.7,68.4,cloudy,34.66,135.93,draw
78,1942,Spain,Croatia,quarter_final,1,0.0,75.2,15.5,43.0,rain,51.73,154.48,A_win
79,1938,Nigeria,Germany,round_16,1,0.0,34.5,27.5,15.0,clear,42.73,76.14,B_win
80,1958,Italy,Morocco,group,1,0.0,78.4,27.8,51.1,cloudy,32.82,56.97,B_win
81,1962,Ghana,Belgium,round_16,1,0.0,56.4,36.6,79.4,clear,36.77,119.47,B_win
82,1986,France,Australia,quarter_final,1,0.0,65.2,22.4,28.9,cloudy,47.32,161.5,B_win
83,2018,Qatar,Saudi Arabia,group,1,0.0,47.8,28.5,48.3,clear,46.22,132.16,draw
84,1966,Australia,Canada,round_16,1,0.0,38.0,26.9,49.6,clear,42.92,70.19,B_win
85,1966,Argentina,Uruguay,round_16,1,0.0,88.4,20.8,62.7,clear,48.08,136.38,B_win
86,2010,Brazil,Ghana,group,1,0.0,48.7,20.3,68.9,clear,40.37,174.98,B_win
87,1946,Croatia,France,final,0,0.0,59.2,24.3,56.4,cloudy,62.46,174.06,B_win
88,2018,Croatia,Morocco,group,1,0.0,59.8,21.3,84.6,hot,31.63,60.04,A_win
89,2018,South Korea,Senegal,group,1,0.0,45.6,19.7,46.2,cloudy,43.17,190.54,draw
90,1962,Mexico,Portugal,group,1,0.0,45.6,19.6,39.0,cloudy,26.3,75.12,A_win
91,1970,Senegal,Brazil,group,1,0.0,50.8,24.5,34.7,cloudy,35.28,156.84,A_win
92,1998,Qatar,Canada,group,1,0.0,59.5,6.9,40.3,cloudy,45.57,209.3,B_win
93,2022,Mexico,Qatar,group,1,0.0,62.4,21.9,24.7,clear,37.07,99.32,A_win
94,2022,Germany,France,group,1,0.0,51.4,24.6,23.4,hot,35.69,107.19,draw
95,1942,Nigeria,Italy,final,1,0.0,60.7,20.8,70.0,windy,63.44,225.76,A_win
96,1962,Japan,Nigeria,semi_final,1,0.0,68.8,30.0,86.1,windy,38.6,107.12,draw
97,1982,Senegal,Ghana,group,1,0.0,61.5,22.2,84.6,clear,40.97,100.21,B_win
98,1978,Belgium,France,quarter_final,1,0.0,40.1,21.3,69.9,clear,42.81,139.45,draw
99,2014,Morocco,Portugal,group,1,0.0,64.3,14.2,69.8,cloudy,41.56,204.68,A_win
100,1970,Ghana,South Korea,group,1,0.0,61.8,30.1,47.9,rain,36.35,71.89,B_win
101,2022,Australia,Canada,group,1,0.0,69.6,34.0,49.8,clear,27.26,40.56,draw
102,1982,Japan,England,round_16,1,0.0,45.5,16.0,19.2,clear,55.65,136.38,B_win
103,1982,Germany,Belgium,group,1,0.0,67.6,23.1,69.1,windy,41.3,125.48,B_win
104,2010,Nigeria,Senegal,semi_final,1,0.0,11.3,32.3,15.0,clear,48.66,209.3,draw
105,1978,Germany,South Korea,group,1,0.0,57.1,15.7,47.5,rain,44.18,179.72,B_win
106,2022,Croatia,Spain,group,1,0.0,83.7,23.8,37.1,clear,31.65,71.83,B_win
107,1974,France,Canada,round_16,1,0.0,46.0,17.6,42.3,cloudy,34.25,104.94,A_win
108,1942,Mexico,Portugal,quarter_final,1,0.0,38.8,22.0,47.5,hot,48.89,117.38,B_win
109,1954,Portugal,Germany,round_16,0,0.0,70.7,22.3,52.5,clear,41.25,224.39,A_win
110,1958,Uruguay,Netherlands,group,0,0.0,49.0,24.2,53.5,cloudy,40.2,109.11,draw
111,1990,Ghana,Italy,group,0,0.18,73.4,24.6,65.1,rain,42.67,124.14,B_win
112,1954,Canada,Senegal,group,1,0.0,35.5,31.9,56.3,cloudy,40.5,184.44,draw
113,1978,Argentina,Netherlands,final,1,0.0,57.6,19.4,68.5,windy,65.28,197.12,A_win
114,2022,Senegal,Qatar,group,1,0.0,16.4,25.4,49.4,windy,43.46,109.84,draw
115,1994,Spain,Portugal,group,1,0.0,42.1,26.1,74.6,clear,44.96,264.16,draw
116,1974,South Korea,Belgium,quarter_final,1,0.0,40.0,29.4,36.0,clear,41.75,340.98,A_win
117,1994,Uruguay,Nigeria,quarter_final,1,0.0,40.5,13.9,89.0,clear,41.05,140.83,draw
118,2006,Ghana,Mexico,group,0,0.18,35.5,10.2,53.3,clear,35.59,87.47,A_win
119,1954,Canada,Spain,group,1,0.0,64.2,15.9,60.9,windy,42.67,168.24,draw
120,1934,Italy,Saudi Arabia,group,1,0.0,60.1,29.7,59.7,hot,41.55,169.31,B_win
121,1934,Italy,Canada,final,1,0.0,70.3,22.0,48.8,cloudy,60.43,125.83,A_win
122,1962,Ghana,France,group,0,0.0,53.9,24.4,59.9,hot,43.92,172.89,A_win
123,2002,Netherlands,Nigeria,group,1,0.0,93.3,20.3,65.6,hot,38.36,119.27,draw
124,1994,Qatar,Argentina,final,1,0.0,71.5,26.2,80.7,clear,66.87,178.83,A_win
125,2018,France,Uruguay,round_16,0,0.18,60.0,23.6,71.2,clear,44.38,91.5,B_win
126,1954,Portugal,Australia,group,1,0.0,49.7,17.4,81.4,cloudy,31.61,117.35,B_win
127,2018,Canada,France,semi_final,1,0.0,40.8,21.9,36.1,hot,40.91,125.16,draw
128,1974,Japan,Morocco,group,1,0.0,28.2,17.0,26.7,hot,37.27,107.3,A_win
129,2010,Qatar,Netherlands,group,1,0.0,58.6,25.2,24.6,clear,32.72,98.77,A_win
130,1958,England,Uruguay,group,1,0.0,75.3,21.9,49.8,rain,45.22,168.23,A_win
131,1998,Croatia,Senegal,final,1,0.0,58.2,24.1,56.2,rain,59.96,107.1,A_win
132,1986,Japan,Qatar,round_16,1,0.0,60.4,28.1,95.0,rain,49.1,174.78,B_win
133,1930,Canada,Spain,round_16,1,0.0,56.6,17.7,52.5,windy,47.54,107.72,A_win
134,1986,England,Japan,group,0,0.18,76.7,16.7,56.5,cloudy,40.09,52.34,A_win
135,2010,France,Belgium,group,1,0.0,20.0,18.5,60.5,clear,38.44,136.48,A_win
136,1942,Senegal,Portugal,round_16,1,0.0,40.6,28.4,74.4,clear,47.82,49.16,B_win
137,1958,France,Spain,group,1,0.0,75.7,25.9,66.3,rain,39.64,152.01,draw
138,2006,Uruguay,USA,group,1,0.0,51.2,32.2,74.7,hot,46.48,107.39,A_win
139,1934,Netherlands,France,group,1,0.0,63.9,20.5,92.8,cloudy,35.63,168.19,A_win
140,1966,Germany,USA,group,1,0.0,63.9,22.0,65.3,clear,40.42,110.47,B_win
141,1954,Senegal,Belgium,group,1,0.0,22.5,34.3,61.1,rain,38.06,83.39,A_win
142,1938,Belgium,England,group,0,0.18,74.8,29.9,84.6,rain,42.48,62.16,B_win
143,1982,Argentina,Netherlands,final,1,0.0,70.0,28.6,69.2,rain,74.68,240.41,A_win
144,1966,Spain,Ghana,group,1,0.0,83.1,17.0,51.7,cloudy,52.43,382.12,draw
145,1962,Croatia,France,group,0,0.18,56.2,35.2,51.6,rain,38.49,137.96,A_win
146,1934,South Korea,Australia,round_16,1,0.0,49.7,28.8,46.9,cloudy,34.1,129.45,B_win
147,1966,Belgium,Morocco,final,1,0.0,43.8,15.9,50.0,clear,59.95,143.75,A_win
148,2002,USA,Uruguay,round_16,1,0.0,31.6,26.0,51.6,hot,40.0,99.62,B_win
149,1958,France,Croatia,group,1,0.0,46.1,19.6,69.1,hot,49.66,77.77,B_win
150,1962,Portugal,Italy,group,1,0.0,48.8,23.9,90.8,clear,52.34,225.31,A_win
151,1930,Australia,Ghana,round_16,1,0.0,42.3,25.9,75.9,windy,36.53,112.48,A_win
152,1990,Mexico,Senegal,group,1,0.0,50.7,29.4,72.7,clear,33.33,86.94,draw
153,1986,Canada,South Korea,group,1,0.0,28.5,10.6,35.3,hot,33.09,94.18,A_win
154,1930,England,Canada,group,1,0.0,58.3,20.8,50.2,hot,45.56,167.92,draw
155,2018,Saudi Arabia,Portugal,round_16,1,0.0,87.1,17.8,61.9,clear,41.07,119.12,B_win
156,2006,Italy,Netherlands,group,1,0.0,58.0,29.7,45.4,clear,40.84,93.97,A_win
157,1982,England,Mexico,round_16,1,0.0,66.8,25.7,76.2,clear,54.77,251.99,A_win
158,1986,South Korea,France,group,1,0.0,85.3,25.5,72.5,clear,32.84,80.36,draw
159,1990,Nigeria,Italy,group,1,0.0,54.6,11.4,92.1,clear,49.97,146.47,B_win
160,1986,Australia,Belgium,group,1,0.0,60.3,22.8,76.8,hot,36.07,61.42,A_win
161,1962,Croatia,Qatar,semi_final,1,0.0,57.3,20.6,52.4,cloudy,54.71,89.55,draw
162,2002,Brazil,South Korea,semi_final,1,0.0,51.9,9.3,73.1,hot,46.77,236.71,draw
163,2014,Australia,Uruguay,semi_final,1,0.0,61.2,27.1,25.4,clear,40.11,267.01,B_win
164,2022,Japan,Brazil,semi_final,1,0.0,42.6,32.9,82.7,clear,39.7,167.38,draw
165,2006,Nigeria,Senegal,quarter_final,1,0.0,63.0,28.4,43.0,windy,54.67,193.6,B_win
166,1950,Ghana,Croatia,group,1,0.0,74.6,20.2,83.4,clear,28.65,92.47,draw
167,1982,Spain,England,quarter_final,1,0.0,31.3,29.8,47.1,clear,40.28,63.19,A_win
168,1958,USA,England,group,1,0.0,47.1,34.8,61.8,cloudy,34.99,99.57,B_win
169,2002,Uruguay,Nigeria,round_16,1,0.0,57.1,24.0,78.5,hot,38.36,146.6,draw
170,2006,USA,Ghana,group,1,0.0,56.6,17.2,40.8,cloudy,43.74,124.4,B_win
171,1958,Uruguay,England,round_16,1,0.0,78.6,18.2,57.6,windy,35.7,117.8,draw
172,1970,Mexico,Senegal,quarter_final,1,0.0,35.1,21.0,60.1,clear,41.53,113.45,draw
173,2014,Morocco,Argentina,group,1,0.0,54.2,26.6,86.2,cloudy,38.7,62.49,A_win
174,1958,Mexico,Saudi Arabia,round_16,1,0.0,60.3,11.7,53.7,clear,31.69,48.79,B_win
175,1978,France,Saudi Arabia,semi_final,1,0.0,65.9,25.0,65.1,hot,51.27,207.92,B_win
176,1986,Argentina,Netherlands,semi_final,1,0.0,12.2,26.1,56.0,hot,48.97,188.38,B_win
177,1950,Japan,Nigeria,round_16,1,0.0,74.6,16.4,61.2,clear,45.89,75.12,A_win
178,2002,South Korea,England,group,1,0.0,37.8,15.8,34.6,hot,52.0,132.87,B_win
179,1978,Australia,Japan,round_16,1,0.0,44.4,28.5,43.0,clear,55.94,240.11,B_win
180,1982,Saudi Arabia,Morocco,group,0,0.18,51.7,12.7,60.0,cloudy,36.54,72.19,draw
181,1938,Ghana,Canada,round_16,0,0.18,72.2,20.2,45.5,rain,45.03,249.8,B_win
182,2010,USA,Belgium,quarter_final,1,0.0,51.2,42.4,68.0,rain,40.56,143.42,draw
183,1982,Ghana,Belgium,group,1,0.0,59.5,24.1,57.0,cloudy,39.16,100.53,A_win
184,1966,Netherlands,Mexico,semi_final,1,0.0,67.0,22.2,68.3,clear,48.9,134.14,A_win
185,2010,Australia,France,group,1,0.0,27.4,25.9,33.2,clear,50.46,133.43,A_win
186,1942,Croatia,Netherlands,group,1,0.0,70.0,29.9,30.3,clear,45.69,173.91,A_win
187,1966,Morocco,France,group,1,0.0,97.9,17.6,75.7,clear,24.16,51.22,B_win
188,1982,France,Croatia,semi_final,1,0.0,55.3,31.7,68.4,windy,48.69,115.91,B_win
189,1986,Australia,Morocco,group,1,0.0,80.9,33.6,62.4,rain,34.5,179.88,draw
190,1982,Australia,Argentina,round_16,0,0.18,107.0,16.4,35.4,clear,40.38,207.19,draw
191,1998,Australia,Qatar,group,1,0.0,59.9,8.3,34.2,hot,26.14,58.72,A_win
192,1990,Nigeria,Portugal,group,1,0.0,62.9,27.6,60.5,hot,35.36,94.56,B_win
193,1946,Morocco,Netherlands,group,1,0.0,47.4,15.5,75.6,clear,31.24,69.39,B_win
194,1962,Australia,Netherlands,group,1,0.0,58.7,32.0,58.4,hot,35.59,129.33,draw
195,1994,Morocco,England,quarter_final,1,0.0,83.2,36.8,39.6,clear,59.48,138.78,draw
196,2018,Germany,Spain,quarter_final,1,0.0,62.4,14.5,52.4,clear,52.37,213.3,draw
197,2002,France,Japan,group,1,0.0,51.6,18.7,87.6,clear,48.37,146.56,B_win
198,1954,Portugal,Netherlands,round_16,1,0.0,76.7,15.8,71.6,clear,50.2,134.44,A_win
199,1962,Japan,Nigeria,group,1,0.0,89.2,15.1,57.5,rain,38.05,88.33,A_win
200,1962,Croatia,England,final,1,0.0,74.4,23.6,57.4,windy,67.99,212.94,B_win
201,1970,Belgium,Croatia,final,1,0.0,94.8,23.4,85.8,rain,57.87,190.36,B_win
202,1986,Australia,Japan,group,1,0.0,80.1,28.5,87.3,hot,39.75,275.66,A_win
203,1934,Canada,Belgium,group,1,0.0,78.0,28.8,93.4,hot,32.51,89.01,A_win
204,1990,Netherlands,Argentina,group,1,0.0,52.3,21.1,60.1,clear,54.68,134.72,A_win
205,1974,Belgium,Nigeria,semi_final,1,0.0,38.4,34.5,65.2,clear,26.6,75.29,B_win
206,1986,Germany,England,semi_final,1,0.0,56.4,28.0,35.9,rain,49.79,219.16,B_win
207,1930,Portugal,Canada,group,1,0.0,56.1,17.8,49.1,clear,46.13,121.59,B_win
208,1990,Qatar,Germany,group,1,0.0,43.5,23.5,49.9,windy,32.32,83.18,A_win
209,1950,Mexico,Australia,group,1,0.0,60.7,22.0,58.1,clear,53.17,186.03,B_win
210,1974,Brazil,Qatar,quarter_final,1,0.0,78.3,18.0,57.8,cloudy,52.02,100.6,B_win
211,2006,Croatia,France,group,0,0.0,39.4,17.7,60.8,rain,45.34,210.07,B_win
212,1934,England,South Korea,group,0,0.18,90.2,28.1,39.7,clear,34.51,136.29,B_win
213,1998,Morocco,Uruguay,group,1,0.0,45.0,25.6,79.9,rain,27.09,106.89,A_win
214,1942,USA,Germany,group,0,0.18,61.0,28.8,67.8,clear,39.28,143.4,B_win
215,1978,Nigeria,Netherlands,semi_final,1,0.0,58.8,19.6,48.5,clear,40.32,188.66,B_win
216,1946,Morocco,Senegal,group,1,0.0,54.4,25.8,50.8,clear,30.13,121.26,B_win
217,1930,Nigeria,Portugal,group,1,0.0,55.9,19.7,44.0,clear,38.3,104.94,B_win
218,1962,Mexico,France,group,1,0.0,47.7,26.4,42.2,hot,40.83,88.97,draw
219,1942,France,Canada,group,1,0.0,29.8,30.0,61.2,cloudy,44.31,152.04,B_win
220,1954,France,Ghana,group,1,0.0,42.3,18.9,51.6,clear,30.91,56.46,A_win
221,1974,Spain,Senegal,semi_final,1,0.0,54.7,31.2,50.5,hot,38.3,172.88,B_win
222,1966,Germany,Mexico,group,1,0.0,74.3,20.2,58.7,cloudy,37.56,144.36,A_win
223,1930,Germany,France,group,1,0.0,74.0,34.0,59.5,cloudy,53.46,84.22,B_win
224,1942,Argentina,Germany,group,1,0.0,67.8,13.8,49.9,cloudy,28.22,58.2,B_win
225,1938,Canada,Saudi Arabia,group,1,0.0,39.6,31.8,42.7,clear,43.22,142.14,A_win
226,2022,Croatia,Saudi Arabia,quarter_final,1,0.0,76.4,23.7,32.7,windy,47.45,125.22,B_win
227,1994,Brazil,Argentina,group,1,0.0,40.5,26.3,87.0,hot,37.84,130.53,draw
228,1946,France,Morocco,round_16,1,0.0,55.2,21.4,23.5,clear,41.53,174.64,draw
229,1946,Netherlands,Italy,group,1,0.0,78.9,18.8,76.2,cloudy,35.33,154.53,B_win
230,1994,Netherlands,Japan,round_16,1,0.0,48.7,28.3,66.0,cloudy,50.37,129.67,draw
231,1986,Argentina,South Korea,group,1,0.0,66.3,27.4,70.7,rain,58.16,149.59,A_win
232,2018,Mexico,Canada,group,1,0.0,55.4,19.3,78.4,clear,42.41,72.61,B_win
233,1934,South Korea,Italy,group,1,0.0,59.0,19.3,53.3,clear,41.71,123.78,B_win
234,1998,France,Ghana,group,1,0.0,40.7,12.6,51.7,clear,43.91,238.1,A_win
235,1954,Italy,Saudi Arabia,round_16,1,0.0,43.3,24.5,65.6,hot,48.92,110.85,A_win
236,1946,Mexico,Canada,group,0,0.18,57.1,8.2,61.9,clear,37.52,133.62,draw
237,2014,Uruguay,France,group,1,0.0,33.4,13.7,47.5,clear,37.14,90.19,B_win
238,1942,Qatar,South Korea,semi_final,1,0.0,88.1,19.3,56.7,clear,48.36,144.11,A_win
239,1938,Ghana,Brazil,group,1,0.0,41.2,28.1,68.8,cloudy,33.92,93.02,B_win
240,2006,Saudi Arabia,Belgium,semi_final,1,0.0,33.7,15.3,70.8,rain,47.93,126.65,A_win
241,1958,Ghana,Nigeria,group,1,0.0,25.6,24.9,51.6,rain,23.46,72.11,A_win
242,1962,Croatia,Senegal,group,1,0.0,75.0,17.2,95.0,hot,39.22,134.61,A_win
243,1974,Portugal,Mexico,round_16,1,0.0,59.7,15.0,67.5,cloudy,40.15,124.92,B_win
244,1978,Italy,Japan,group,1,0.0,75.7,21.7,50.4,cloudy,36.36,90.48,draw
245,2022,Senegal,Argentina,group,1,0.0,44.5,25.7,41.0,hot,48.19,189.69,B_win
246,1978,Belgium,Australia,group,1,0.0,79.8,10.7,83.6,cloudy,48.8,85.36,B_win
247,1942,Portugal,Italy,quarter_final,1,0.0,54.4,32.0,58.3,hot,30.63,125.63,B_win
248,1958,Qatar,Netherlands,quarter_final,1,0.0,59.4,22.3,36.2,cloudy,49.57,134.92,B_win
249,1986,Uruguay,Germany,group,1,0.0,67.5,22.3,81.8,hot,36.53,72.35,A_win
250,2022,France,Uruguay,round_16,1,0.0,66.2,14.2,46.7,windy,39.67,135.04,B_win
251,1950,Morocco,Belgium,group,1,0.0,58.6,21.8,29.5,clear,26.7,138.86,A_win
252,1962,Croatia,South Korea,group,1,0.0,78.9,26.5,66.5,windy,37.31,155.61,draw
253,1950,Nigeria,Portugal,quarter_final,1,0.0,64.5,22.1,46.3,clear,42.3,183.43,draw
254,1978,Ghana,USA,group,0,0.18,54.0,22.5,65.4,hot,46.11,103.73,A_win
255,1970,Brazil,Morocco,group,1,0.0,69.5,15.7,66.8,clear,46.54,180.25,A_win
256,2010,Mexico,Brazil,group,1,0.0,63.4,25.3,68.0,clear,21.8,82.09,A_win
257,1962,Uruguay,Spain,group,1,0.0,61.3,18.4,48.2,hot,32.71,157.47,draw
258,2018,Netherlands,USA,group,1,0.0,29.6,33.8,75.4,clear,33.81,62.45,A_win
259,1986,Uruguay,Japan,group,1,0.0,57.4,28.5,44.2,clear,44.26,113.04,A_win
260,1930,Croatia,Nigeria,group,1,0.0,63.6,22.1,63.9,cloudy,33.59,74.06,draw
261,1998,Saudi Arabia,Spain,final,1,0.0,68.1,29.1,79.4,cloudy,72.12,207.23,B_win
262,1982,Italy,Morocco,group,1,0.0,33.1,35.7,56.4,windy,26.94,73.54,B_win
263,1970,USA,South Korea,group,1,0.0,62.1,30.0,70.9,clear,46.19,156.74,A_win
264,2006,Argentina,Italy,round_16,1,0.0,51.1,26.2,55.0,cloudy,49.46,149.09,B_win
265,1990,Uruguay,Belgium,group,1,0.0,27.1,14.5,93.5,clear,38.88,144.64,B_win
266,1970,Ghana,Australia,group,1,0.0,41.2,25.9,36.2,rain,37.13,279.67,draw
267,1974,Japan,Morocco,round_16,1,0.0,45.4,19.1,55.0,windy,52.61,102.88,A_win
268,1978,Qatar,France,round_16,1,0.0,55.1,28.2,55.4,rain,46.01,162.96,A_win
269,1990,Argentina,Croatia,group,1,0.0,65.1,27.2,63.1,cloudy,45.03,172.63,draw
270,1954,Ghana,Qatar,group,1,0.0,62.5,25.7,44.8,rain,45.95,373.7,A_win
271,1990,Nigeria,Belgium,group,0,0.18,32.6,18.7,27.2,cloudy,29.6,236.88,A_win
272,2002,USA,Croatia,group,1,0.0,47.9,22.8,71.6,rain,37.32,94.21,B_win
273,1934,USA,Brazil,group,1,0.0,50.9,29.3,63.5,clear,24.22,71.12,B_win
274,1970,Portugal,USA,quarter_final,1,0.0,36.5,26.9,67.8,clear,41.09,88.96,B_win
275,1982,Netherlands,Portugal,group,1,0.0,42.9,33.5,90.8,windy,24.15,64.65,draw
276,1946,Argentina,Germany,group,1,0.0,69.6,13.7,54.9,windy,34.69,72.02,B_win
277,2006,Belgium,Canada,group,1,0.0,73.7,5.6,43.0,clear,36.96,107.25,B_win
278,1982,Belgium,Spain,quarter_final,1,0.0,46.3,23.6,61.3,hot,51.57,139.46,B_win
279,1930,Belgium,Saudi Arabia,group,1,0.0,71.7,25.6,62.2,clear,30.78,65.91,draw
280,1946,Netherlands,Portugal,group,1,0.0,55.8,21.8,54.9,cloudy,41.16,119.91,draw
281,1994,Japan,Argentina,group,1,0.0,71.9,18.3,68.6,clear,57.09,106.78,draw
282,2006,Spain,England,group,0,0.18,38.6,29.0,36.7,clear,44.36,73.11,draw
283,1946,Qatar,Germany,group,1,0.0,41.6,20.6,36.2,clear,38.98,134.77,A_win
284,1946,Brazil,Croatia,semi_final,1,0.0,63.2,32.7,44.4,clear,57.0,121.47,draw
285,2022,Uruguay,Japan,group,1,0.0,41.1,28.4,29.2,windy,22.37,125.79,A_win
286,2014,USA,Qatar,group,1,0.0,32.1,41.1,29.3,clear,37.15,77.53,A_win
287,1954,Uruguay,Qatar,group,1,0.0,54.1,21.8,46.3,clear,24.31,83.85,A_win
288,1946,USA,Canada,group,1,0.0,70.6,14.0,32.2,clear,44.22,91.79,A_win
289,1970,Australia,Nigeria,semi_final,1,0.0,65.5,24.5,84.6,rain,53.11,143.42,B_win
290,2006,Brazil,France,group,1,0.0,26.5,23.6,57.3,windy,46.75,323.49,draw
291,1978,South Korea,England,group,1,0.0,73.7,19.6,43.1,hot,33.79,162.27,B_win
292,1946,Portugal,Netherlands,group,1,0.0,48.1,16.8,29.9,rain,29.8,97.2,B_win
293,1998,South Korea,Saudi Arabia,group,1,0.0,70.4,26.3,53.4,rain,40.26,74.93,B_win
294,1934,Qatar,Germany,group,1,0.0,62.5,16.8,52.5,cloudy,32.5,120.53,B_win
295,1994,Italy,Spain,round_16,1,0.0,72.3,25.9,95.0,rain,49.87,134.54,A_win
296,1970,Portugal,Japan,group,1,0.0,69.0,36.1,61.1,cloudy,38.66,196.91,B_win
297,1986,Saudi Arabia,Canada,group,1,0.0,33.3,17.8,40.6,windy,27.36,102.65,A_win
298,1986,Croatia,Australia,final,1,0.0,46.4,25.1,95.0,cloudy,70.1,165.22,draw
299,1942,Italy,Germany,group,1,0.0,55.6,22.8,47.8,clear,31.64,97.09,B_win
300,1978,Senegal,Belgium,group,1,0.0,71.9,29.0,68.6,clear,37.08,121.35,A_win
301,1930,Morocco,Brazil,group,1,0.0,56.8,23.3,18.1,clear,29.04,82.56,draw
302,1966,South Korea,Mexico,final,1,0.0,51.7,20.4,77.9,windy,57.18,176.53,B_win
303,1994,Australia,Spain,group,1,0.0,70.1,39.9,59.1,clear,36.23,71.89,draw
304,1950,Brazil,Croatia,group,1,0.0,67.0,25.2,44.0,clear,37.62,99.92,draw
305,1934,Australia,Ghana,group,1,0.0,66.9,19.5,67.8,rain,44.18,107.25,B_win
306,1934,Portugal,Belgium,group,1,0.0,42.0,26.5,71.4,clear,38.15,163.21,draw
307,1974,Saudi Arabia,Germany,quarter_final,1,0.0,56.9,16.6,47.0,rain,46.26,149.13,A_win
308,1994,USA,Brazil,group,1,0.0,51.9,33.9,24.9,cloudy,38.72,233.79,draw
309,1970,Portugal,Belgium,group,1,0.0,47.0,20.1,64.5,hot,27.15,117.88,B_win
310,2010,USA,Argentina,semi_final,1,0.0,62.9,16.0,39.6,cloudy,43.64,156.38,B_win
311,1974,Ghana,USA,round_16,1,0.0,40.9,20.4,65.4,clear,42.4,61.08,A_win
312,2014,Portugal,Japan,group,1,0.0,64.1,26.8,51.4,clear,36.66,231.41,draw
313,2014,Spain,USA,group,0,0.18,31.8,9.7,63.7,rain,40.66,60.89,B_win
314,1954,Morocco,Spain,group,0,0.0,52.5,24.2,63.4,rain,44.61,127.92,B_win
315,2002,Portugal,Ghana,group,1,0.0,51.8,35.4,67.8,cloudy,50.96,100.86,B_win
316,2006,Spain,Canada,group,1,0.0,76.6,28.9,40.7,cloudy,46.15,213.18,B_win
317,1994,Portugal,Brazil,group,1,0.0,44.4,16.7,44.5,rain,36.25,107.89,B_win
318,1998,Italy,Belgium,group,0,0.18,28.6,18.5,75.7,cloudy,38.51,171.08,A_win
319,1998,England,Ghana,round_16,1,0.0,71.9,19.3,49.4,cloudy,44.24,149.83,B_win
320,2014,France,Croatia,group,1,0.0,64.3,21.3,71.8,cloudy,53.07,139.66,A_win
321,1958,Senegal,England,quarter_final,1,0.0,85.1,19.0,45.8,rain,45.65,158.51,draw
322,1950,Brazil,South Korea,group,1,0.0,53.8,19.4,88.2,clear,39.21,100.86,B_win
323,2002,Belgium,Canada,semi_final,1,0.0,91.5,26.4,15.2,clear,44.67,135.98,B_win
324,2018,Nigeria,Qatar,group,0,0.18,42.8,45.2,45.1,clear,34.18,60.83,A_win
325,1982,Senegal,Germany,group,1,0.0,29.7,36.9,36.5,hot,41.66,178.96,B_win
326,1958,Uruguay,Portugal,group,1,0.0,25.4,31.9,56.5,cloudy,35.62,87.95,B_win
327,1998,Argentina,Germany,final,1,0.0,39.6,24.6,31.6,clear,61.91,143.02,B_win
328,1998,South Korea,Croatia,group,1,0.0,52.1,19.8,18.6,clear,40.99,144.05,A_win
329,2018,Portugal,Argentina,group,1,0.0,86.3,30.1,18.4,cloudy,28.58,81.96,draw
330,2010,Nigeria,Ghana,quarter_final,1,0.0,69.6,21.3,52.9,hot,41.98,71.31,B_win
331,1998,Argentina,France,group,1,0.0,62.0,24.5,49.6,cloudy,29.96,57.77,draw
332,1930,Italy,Germany,group,1,0.0,49.5,25.7,57.0,clear,47.27,234.09,B_win
333,1950,South Korea,Portugal,group,1,0.0,63.0,26.6,82.4,rain,44.15,173.36,A_win
334,1934,Morocco,Senegal,group,1,0.0,55.0,13.5,57.0,clear,25.94,93.78,B_win
335,1970,Morocco,Saudi Arabia,group,0,0.0,42.6,26.3,19.2,clear,24.02,50.48,B_win
336,1974,England,Portugal,round_16,0,0.18,54.0,14.6,65.3,rain,41.71,297.4,A_win
337,2022,Argentina,England,quarter_final,1,0.0,75.4,19.7,75.8,clear,47.77,142.91,B_win
338,2006,Morocco,Germany,quarter_final,1,0.0,72.2,19.3,67.2,rain,55.53,139.23,B_win
339,1998,Qatar,Morocco,round_16,1,0.0,58.9,19.5,88.5,rain,46.45,162.08,B_win
340,1966,Spain,Germany,group,1,0.0,36.0,20.7,19.3,rain,41.03,103.46,A_win
341,1998,Netherlands,Qatar,group,0,0.18,41.9,17.6,68.9,clear,44.96,127.29,B_win
342,1974,USA,Mexico,group,1,0.0,53.4,11.8,39.0,clear,34.11,97.64,B_win
343,1962,Germany,Portugal,group,1,0.0,80.9,30.4,63.2,clear,31.33,55.7,B_win
344,1938,Senegal,Argentina,group,1,0.0,74.9,25.9,24.6,hot,42.79,156.64,B_win
345,1970,Morocco,France,group,1,0.0,73.9,19.3,45.6,hot,30.08,168.53,B_win
346,1942,Brazil,Belgium,group,1,0.0,46.3,26.2,53.9,rain,38.08,119.24,A_win
347,1930,Croatia,France,group,1,0.0,56.4,35.5,63.6,cloudy,43.28,187.41,B_win
348,2002,Argentina,Morocco,group,1,0.0,70.8,25.0,81.2,cloudy,32.83,116.16,B_win
349,1974,Senegal,Qatar,group,1,0.0,82.7,25.7,52.7,clear,45.44,155.03,A_win
350,1974,England,Portugal,semi_final,1,0.0,69.9,24.3,57.0,cloudy,60.33,174.05,A_win
351,1998,Portugal,Senegal,group,1,0.0,89.9,21.0,46.0,hot,37.59,201.81,B_win
352,1990,England,Canada,round_16,1,0.0,59.1,29.9,91.1,rain,48.63,120.95,A_win
353,1982,England,Brazil,group,1,0.0,39.2,26.2,36.4,cloudy,33.37,69.58,B_win
354,1950,Italy,Mexico,final,0,0.18,44.6,23.6,44.2,clear,62.35,172.46,A_win
355,1938,Nigeria,USA,round_16,1,0.0,44.1,24.5,46.8,cloudy,43.48,74.02,A_win
356,2002,Portugal,Ghana,group,1,0.0,70.7,37.0,43.8,rain,48.06,139.3,B_win
357,1942,Belgium,South Korea,group,1,0.0,70.8,17.4,38.3,hot,35.71,111.13,B_win
358,1982,Germany,Belgium,group,1,0.0,54.9,19.8,77.9,cloudy,23.3,76.8,B_win
359,1946,South Korea,Australia,semi_final,1,0.0,58.1,29.5,49.2,rain,52.38,172.87,A_win
360,1974,South Korea,Croatia,group,1,0.0,64.8,20.1,78.0,clear,42.48,104.04,A_win
361,1986,Spain,Nigeria,quarter_final,0,0.0,57.2,21.5,62.4,cloudy,39.53,106.13,A_win
362,1930,Japan,Portugal,round_16,1,0.0,22.1,21.3,57.9,clear,60.55,249.25,B_win
363,1978,Belgium,Morocco,group,1,0.0,55.0,25.8,71.6,clear,31.24,64.98,draw
364,1966,Spain,England,round_16,1,0.0,48.3,25.2,73.4,clear,62.09,154.08,A_win
365,1958,Canada,Uruguay,group,1,0.0,42.2,31.4,31.0,rain,41.78,134.6,draw
366,1990,Netherlands,Qatar,group,1,0.0,44.4,14.9,56.7,hot,44.72,118.91,A_win
367,1998,South Korea,Italy,group,1,0.0,58.2,37.9,68.4,clear,28.38,28.7,B_win
368,1950,Argentina,Belgium,semi_final,1,0.0,50.8,21.0,58.5,clear,47.99,143.46,B_win
369,1990,Spain,Belgium,group,1,0.0,56.9,24.5,51.0,clear,31.55,93.46,draw
370,1990,Ghana,Germany,round_16,1,0.0,50.5,19.3,84.5,cloudy,38.06,149.09,A_win
371,1934,USA,Italy,round_16,1,0.0,26.8,16.4,43.4,clear,37.08,86.14,A_win
372,1978,Brazil,England,round_16,1,0.0,33.4,16.0,57.2,clear,40.63,167.39,A_win
373,1982,Argentina,Japan,round_16,0,0.0,54.2,32.5,31.6,hot,33.58,83.82,B_win
374,1938,Ghana,Australia,group,1,0.0,59.4,17.7,52.0,clear,34.17,106.16,A_win
375,1962,Saudi Arabia,Portugal,group,1,0.0,73.0,28.0,67.4,clear,31.92,79.34,A_win
376,1954,South Korea,Nigeria,group,1,0.0,83.5,22.8,79.2,cloudy,36.97,66.46,B_win
377,2022,Ghana,Morocco,group,1,0.0,62.9,20.9,20.5,hot,46.49,140.92,A_win
378,1958,Japan,Netherlands,group,1,0.0,56.5,18.6,67.0,cloudy,34.9,71.64,draw
379,1950,Spain,Uruguay,group,1,0.0,52.6,29.8,61.4,clear,46.68,85.46,B_win
380,1986,England,Saudi Arabia,group,1,0.0,43.4,36.1,67.7,clear,43.43,103.26,A_win
381,1994,Mexico,Senegal,group,1,0.0,53.8,18.7,55.1,cloudy,32.31,157.61,A_win
382,1966,Portugal,England,group,1,0.0,28.8,31.9,95.0,clear,38.55,55.05,B_win
383,2014,Australia,Morocco,group,1,0.0,47.6,24.9,50.6,windy,32.17,86.02,A_win
384,2006,Croatia,Argentina,group,1,0.0,48.1,25.0,68.1,hot,36.53,85.51,B_win
385,2006,Morocco,Portugal,group,1,0.0,64.2,25.9,49.1,clear,37.19,64.7,draw
386,2002,Nigeria,Uruguay,group,1,0.0,70.5,24.3,41.9,clear,34.86,94.31,draw
387,1954,Mexico,Saudi Arabia,group,1,0.0,45.0,26.1,72.1,clear,37.06,67.93,A_win
388,1962,Australia,Senegal,group,0,0.0,72.1,18.6,77.7,clear,29.91,62.36,B_win
389,1934,Ghana,Australia,semi_final,1,0.0,76.6,29.7,80.5,clear,35.06,150.2,draw
390,1978,Netherlands,USA,group,1,0.0,44.8,26.6,25.5,clear,37.84,183.79,B_win
391,1950,Canada,France,round_16,1,0.0,60.4,31.7,44.8,clear,49.8,148.69,B_win
392,2022,Mexico,Belgium,group,0,0.18,54.5,21.9,64.4,cloudy,25.24,103.57,A_win
393,1946,Nigeria,South Korea,round_16,1,0.0,77.8,24.3,65.5,clear,41.45,167.54,B_win
394,2010,Netherlands,Germany,group,0,0.0,42.4,18.9,32.1,windy,47.03,157.18,B_win
395,1958,USA,Croatia,group,0,0.0,42.8,16.8,42.2,cloudy,55.47,240.02,A_win
396,2018,Brazil,Germany,group,1,0.0,67.7,22.7,53.8,cloudy,34.99,138.87,B_win
397,1966,Morocco,France,group,1,0.0,60.7,14.0,52.1,cloudy,40.39,101.48,draw
398,1982,France,Morocco,group,0,0.0,58.2,14.4,48.3,cloudy,35.89,124.62,B_win
399,2022,Japan,Netherlands,group,1,0.0,75.3,12.2,60.0,cloudy,35.1,80.81,draw
400,1990,Australia,Japan,quarter_final,1,0.0,68.6,17.9,46.3,windy,55.68,134.44,B_win
401,2022,Spain,Qatar,group,0,0.18,27.8,16.3,76.3,hot,35.69,138.25,draw
402,2018,Nigeria,Senegal,final,1,0.0,80.3,11.8,46.0,clear,77.61,226.73,A_win
403,1962,Japan,Argentina,group,1,0.0,58.0,24.8,39.2,clear,42.23,151.72,A_win
404,1934,Argentina,Canada,group,0,0.18,54.5,25.8,49.4,windy,34.16,67.71,B_win
405,1942,Netherlands,Japan,round_16,1,0.0,64.1,29.2,48.1,hot,37.14,134.68,A_win
406,2010,Morocco,Netherlands,quarter_final,1,0.0,26.4,33.5,65.1,clear,50.36,173.26,draw
407,1966,Nigeria,Mexico,round_16,1,0.0,49.3,38.3,46.7,rain,31.32,69.1,B_win
408,2010,Germany,Saudi Arabia,semi_final,1,0.0,71.2,31.4,60.5,windy,49.33,136.71,draw
409,1986,USA,Brazil,round_16,1,0.0,81.7,29.5,35.4,rain,56.69,110.29,B_win
410,1954,England,Brazil,group,1,0.0,42.2,23.3,30.9,cloudy,43.37,168.85,A_win
411,1986,Netherlands,Croatia,group,1,0.0,28.5,24.9,49.5,cloudy,35.61,213.56,A_win
412,1978,Germany,Uruguay,group,1,0.0,42.9,18.6,74.7,cloudy,40.81,145.03,A_win
413,1942,Belgium,Qatar,group,1,0.0,57.3,28.3,65.2,windy,30.43,68.87,B_win
414,1990,Canada,Germany,group,1,0.0,79.6,29.0,40.3,clear,35.91,128.15,draw
415,2002,Brazil,Germany,quarter_final,1,0.0,62.1,28.9,30.5,cloudy,31.29,70.05,B_win
416,1934,Argentina,Senegal,round_16,1,0.0,64.2,26.8,63.5,clear,49.87,220.35,B_win
417,1990,Argentina,France,round_16,0,0.18,59.9,9.9,56.6,clear,47.49,94.19,B_win
418,2002,Spain,Canada,group,1,0.0,44.8,24.0,73.6,clear,46.76,137.66,draw
419,1954,Australia,Ghana,group,1,0.0,62.7,38.0,48.1,hot,38.0,114.36,B_win
420,2014,Netherlands,Qatar,group,1,0.0,72.4,23.9,52.3,clear,40.24,171.1,A_win
421,1942,Belgium,USA,group,1,0.0,38.0,22.2,41.2,clear,41.73,219.82,draw
422,1990,Portugal,Belgium,group,1,0.0,65.0,32.2,26.3,hot,37.37,100.64,A_win
423,2010,Netherlands,Croatia,round_16,1,0.0,58.5,16.4,67.1,cloudy,37.14,175.06,B_win
424,1930,USA,Mexico,final,1,0.0,53.9,15.5,75.0,clear,67.93,191.74,draw
425,1954,Senegal,Australia,group,1,0.0,94.6,13.4,63.7,windy,45.28,194.33,A_win
426,1986,Australia,South Korea,group,1,0.0,57.9,14.7,71.1,clear,40.22,181.43,A_win
427,1986,South Korea,England,round_16,1,0.0,44.1,36.3,39.5,cloudy,45.71,167.65,B_win
428,1982,Italy,Qatar,group,1,0.0,41.0,23.0,40.4,clear,39.06,155.64,draw
429,1978,Belgium,Senegal,group,1,0.0,51.8,25.9,38.9,cloudy,37.76,141.69,B_win
430,1986,Brazil,Belgium,group,1,0.0,70.9,29.6,92.4,clear,43.49,92.53,draw
431,1954,Netherlands,USA,group,0,0.18,48.4,28.1,71.0,clear,40.27,101.81,draw
432,1942,Australia,Brazil,round_16,1,0.0,38.4,25.2,65.7,rain,41.78,126.05,B_win
433,1954,Saudi Arabia,Japan,group,0,0.0,80.8,29.7,40.2,clear,36.93,138.83,A_win
434,1994,Australia,Saudi Arabia,group,1,0.0,54.4,23.7,45.1,rain,37.88,112.09,draw
435,1986,Australia,Uruguay,quarter_final,1,0.0,38.6,24.9,64.7,clear,50.66,99.85,B_win
436,1954,Croatia,Nigeria,quarter_final,1,0.0,69.5,22.9,68.1,clear,39.46,111.58,A_win
437,1938,Australia,Portugal,group,1,0.0,97.8,27.1,34.2,clear,48.19,173.0,B_win
438,1934,Australia,France,round_16,1,0.0,33.0,28.3,78.2,rain,43.97,152.22,draw
439,1958,Qatar,Senegal,group,1,0.0,41.1,20.1,60.8,clear,50.01,197.63,B_win
440,1994,Australia,Senegal,semi_final,1,0.0,65.4,26.2,54.6,rain,48.99,162.84,A_win
441,2002,Germany,Italy,group,1,0.0,37.8,22.5,59.8,hot,37.76,133.7,B_win
442,1978,Argentina,Brazil,semi_final,1,0.0,56.3,23.3,58.6,clear,42.35,308.96,B_win
443,1950,Nigeria,Germany,group,0,0.0,68.8,37.4,22.1,clear,8.0,6.18,B_win
444,2006,Ghana,Germany,group,1,0.0,67.4,21.1,24.5,clear,42.26,234.2,A_win
445,2010,Spain,Qatar,quarter_final,1,0.0,64.3,14.0,72.0,hot,48.89,121.23,B_win
446,1962,Spain,Germany,round_16,1,0.0,61.9,22.1,63.2,cloudy,49.42,143.58,draw
447,1998,Mexico,Japan,round_16,1,0.0,58.5,21.9,52.1,rain,46.62,78.72,B_win
448,1974,Mexico,Japan,group,1,0.0,44.0,17.0,26.8,clear,33.26,161.44,draw
449,1974,Germany,Italy,group,1,0.0,68.5,39.4,62.5,cloudy,48.44,117.46,B_win
450,2014,Australia,Canada,group,1,0.0,61.6,31.1,65.8,hot,31.68,72.01,draw
451,2014,Morocco,England,quarter_final,1,0.0,57.9,20.8,76.7,cloudy,44.18,139.98,B_win
452,1970,Qatar,Mexico,group,0,0.18,76.4,14.7,19.2,clear,33.33,161.76,draw
453,1986,USA,Japan,group,1,0.0,76.2,29.4,78.4,clear,25.08,94.71,A_win
454,1950,England,Italy,semi_final,1,0.0,64.2,26.3,78.1,windy,48.3,106.92,A_win
455,1958,Italy,Mexico,group,1,0.0,67.1,19.8,92.7,clear,53.53,168.44,A_win
456,2002,Saudi Arabia,Ghana,semi_final,1,0.0,57.1,31.8,95.0,cloudy,50.58,158.28,B_win
457,1990,Portugal,USA,quarter_final,1,0.0,49.7,23.6,89.8,clear,35.88,78.34,B_win
458,1974,Germany,Mexico,quarter_final,1,0.0,42.1,26.7,95.0,cloudy,51.19,117.22,A_win
459,1982,Croatia,South Korea,quarter_final,1,0.0,52.0,17.3,55.3,clear,44.44,93.71,draw
460,1978,Uruguay,Ghana,group,1,0.0,62.4,22.1,65.9,clear,37.93,99.66,draw
461,1958,Australia,Netherlands,group,1,0.0,98.5,21.3,48.3,cloudy,45.21,146.1,A_win
462,1958,Croatia,Uruguay,group,1,0.0,57.4,14.0,47.5,rain,35.1,105.02,B_win
463,1942,Mexico,Portugal,group,1,0.0,57.4,31.1,77.3,clear,38.52,69.56,draw
464,1994,Qatar,Italy,group,1,0.0,77.2,32.4,39.3,clear,49.4,126.01,draw
465,1982,Mexico,Germany,group,1,0.0,90.3,25.2,95.0,clear,38.54,116.7,B_win
466,1978,Nigeria,France,group,1,0.0,76.1,21.5,57.1,hot,45.04,177.95,B_win
467,1938,Ghana,Australia,group,1,0.0,85.3,38.0,79.4,hot,46.07,128.28,A_win
468,1946,Nigeria,Portugal,group,1,0.0,55.4,24.9,88.9,clear,33.08,101.22,A_win
469,1998,Croatia,Germany,quarter_final,1,0.0,55.5,27.7,63.7,hot,51.4,162.04,A_win
470,2014,Portugal,Croatia,group,1,0.0,37.8,17.3,56.1,hot,30.17,111.47,B_win
471,1970,Senegal,Argentina,quarter_final,1,0.0,39.4,16.1,71.8,clear,34.87,129.72,draw
472,1990,Qatar,Brazil,quarter_final,1,0.0,71.5,17.8,76.9,cloudy,33.87,45.92,A_win
473,1946,Nigeria,Qatar,group,1,0.0,43.4,29.5,31.9,hot,38.88,101.21,B_win
474,2014,Qatar,England,group,1,0.0,56.6,24.8,85.5,clear,36.1,115.36,B_win
475,1974,Morocco,Uruguay,quarter_final,0,0.0,35.6,18.7,85.0,clear,40.26,117.79,draw
476,2018,Argentina,Mexico,group,1,0.0,50.1,9.1,74.6,clear,36.85,99.19,B_win
477,1942,Morocco,Belgium,group,0,0.18,57.1,30.0,68.9,rain,33.37,121.31,draw
478,1954,Spain,Morocco,group,1,0.0,70.2,24.3,42.4,rain,41.69,179.34,A_win
479,2018,Netherlands,Spain,semi_final,1,0.0,67.8,14.6,67.0,clear,46.59,111.74,draw
480,2002,Croatia,England,round_16,1,0.0,53.2,19.5,52.5,rain,52.94,119.9,draw
481,1938,Morocco,Argentina,group,1,0.0,57.0,30.1,48.4,clear,40.74,115.78,draw
482,1974,Japan,Ghana,group,1,0.0,49.4,16.6,53.8,clear,44.82,112.22,draw
483,1942,Mexico,Saudi Arabia,round_16,1,0.0,63.7,28.5,70.9,clear,53.58,114.9,B_win
484,1966,Canada,Belgium,group,1,0.0,90.9,17.7,94.9,cloudy,16.7,37.76,A_win
485,2022,Italy,Senegal,group,1,0.0,69.4,36.7,45.7,rain,44.46,85.06,A_win
486,1970,Argentina,Spain,group,0,0.18,57.3,21.7,45.2,cloudy,46.02,254.42,B_win
487,1958,Australia,USA,round_16,0,0.0,54.6,25.0,45.4,cloudy,43.59,217.69,A_win
488,1946,Brazil,Germany,group,0,0.0,53.8,22.0,31.9,clear,43.43,154.92,A_win
489,1946,Belgium,Nigeria,round_16,1,0.0,34.5,29.2,57.6,windy,47.16,68.3,draw
490,1962,Australia,Mexico,semi_final,1,0.0,73.3,20.8,48.7,clear,43.57,63.64,B_win
491,2006,Qatar,Spain,group,1,0.0,54.7,36.3,95.0,rain,32.32,85.77,B_win
492,1958,Saudi Arabia,Argentina,group,1,0.0,83.8,27.8,70.1,clear,32.74,96.08,draw
493,1998,Portugal,Saudi Arabia,group,1,0.0,61.9,18.6,58.6,cloudy,47.01,96.6,B_win
494,2010,Portugal,Uruguay,group,1,0.0,61.7,24.5,88.9,clear,27.21,76.98,B_win
495,2022,Canada,Belgium,group,1,0.0,55.8,29.9,68.0,cloudy,31.66,67.36,draw
496,1970,Canada,France,group,1,0.0,57.0,12.6,83.4,cloudy,37.52,161.41,B_win
497,1966,Mexico,France,semi_final,0,0.18,70.2,22.0,57.8,clear,45.56,187.8,B_win
498,1978,Morocco,Germany,round_16,1,0.0,53.2,23.8,74.1,clear,43.2,124.16,A_win
499,1982,Senegal,Japan,group,1,0.0,55.3,14.8,39.3,clear,36.62,163.72,B_win
500,1938,Argentina,Brazil,group,1,0.0,50.1,36.7,62.3,rain,31.11,120.19,B_win
501,1974,Canada,Mexico,group,1,0.0,40.2,17.1,47.9,rain,36.45,97.83,A_win
502,1954,Canada,Brazil,group,1,0.0,54.8,26.6,21.5,hot,37.31,331.93,draw
503,1990,Uruguay,France,group,1,0.0,67.0,42.0,69.2,clear,23.84,79.05,B_win
504,1950,Mexico,South Korea,round_16,1,0.0,81.8,24.7,47.9,rain,38.72,60.42,A_win
505,1938,Morocco,Saudi Arabia,round_16,1,0.0,54.2,16.4,75.8,clear,36.78,62.71,B_win
506,1986,Canada,Ghana,group,1,0.0,77.5,24.5,67.9,clear,44.73,265.74,B_win
507,1994,France,Nigeria,quarter_final,1,0.0,59.6,20.5,63.0,windy,43.17,124.28,B_win
508,1990,South Korea,Netherlands,group,1,0.0,29.5,12.7,25.0,hot,35.39,66.0,A_win
509,1954,USA,Mexico,round_16,0,0.18,77.0,26.5,53.8,clear,36.33,109.48,A_win
510,1946,Argentina,Germany,round_16,1,0.0,70.9,29.1,78.6,clear,43.99,192.56,A_win
511,1942,Spain,Qatar,group,1,0.0,85.4,17.0,41.0,cloudy,38.15,142.63,A_win
512,1974,France,Qatar,group,1,0.0,69.0,26.3,57.0,hot,27.22,59.78,B_win
513,1934,Mexico,Brazil,group,1,0.0,49.4,27.0,56.7,hot,24.55,84.41,A_win
514,1986,South Korea,Australia,group,1,0.0,69.5,31.6,40.8,cloudy,29.63,54.89,A_win
515,2002,Australia,Netherlands,group,1,0.0,86.1,24.5,40.0,windy,33.91,58.24,draw
516,2018,USA,Japan,group,1,0.0,68.3,5.3,61.7,clear,37.3,188.49,A_win
517,1966,Belgium,Netherlands,final,1,0.0,43.5,25.4,54.4,clear,58.82,199.07,draw
518,1966,Germany,Saudi Arabia,group,1,0.0,60.7,32.7,56.4,cloudy,40.07,219.91,A_win
519,1946,Nigeria,Qatar,group,1,0.0,52.9,26.3,57.6,cloudy,40.18,126.28,A_win
520,1946,Australia,Senegal,group,1,0.0,70.1,24.5,35.8,rain,36.31,114.79,B_win
521,1974,France,Qatar,quarter_final,1,0.0,30.2,17.9,57.1,clear,40.61,100.83,A_win
522,1958,Argentina,Qatar,group,1,0.0,49.0,23.5,57.5,cloudy,43.76,100.44,B_win
523,1982,Portugal,Ghana,group,1,0.0,57.3,30.1,66.1,cloudy,25.12,116.93,A_win
524,2014,Argentina,Saudi Arabia,group,1,0.0,59.7,19.5,65.2,clear,32.17,75.98,draw
525,1986,South Korea,Germany,group,1,0.0,64.6,25.5,77.2,cloudy,30.09,131.56,A_win
526,2002,Brazil,Spain,quarter_final,1,0.0,20.5,22.0,52.5,clear,55.44,288.66,A_win
527,1974,Brazil,Qatar,group,1,0.0,33.1,28.5,70.2,hot,36.4,93.97,A_win
528,1934,Japan,Argentina,quarter_final,1,0.0,40.6,22.2,55.7,clear,45.95,141.19,B_win
529,1958,Argentina,Croatia,group,1,0.0,65.4,20.8,80.7,rain,27.47,124.28,B_win
530,1986,Germany,Qatar,group,1,0.0,39.6,20.8,56.6,clear,49.27,79.94,draw
531,1962,Japan,France,group,1,0.0,55.7,21.4,73.2,clear,41.33,99.0,A_win
532,1958,Portugal,Australia,group,0,0.18,54.2,23.0,39.9,cloudy,33.15,135.65,B_win
533,1954,Argentina,Croatia,group,1,0.0,57.1,28.4,46.7,clear,38.63,79.48,B_win
534,1954,Brazil,Uruguay,group,0,0.18,48.6,23.0,38.4,clear,45.65,318.83,draw
535,1934,Morocco,South Korea,round_16,1,0.0,47.5,26.4,51.6,rain,38.52,72.5,B_win
536,2010,Uruguay,Argentina,round_16,1,0.0,66.8,22.3,47.8,clear,51.33,125.3,B_win
537,1998,Croatia,Italy,round_16,1,0.0,50.4,18.1,38.3,clear,54.45,264.68,A_win
538,1962,Nigeria,Mexico,quarter_final,1,0.0,14.7,23.3,45.1,clear,59.54,154.5,B_win
539,1954,Brazil,England,final,1,0.0,31.7,37.9,46.4,clear,57.36,404.07,B_win
540,1934,USA,Croatia,semi_final,1,0.0,51.6,22.1,27.0,clear,37.6,77.23,draw
541,1986,England,Spain,group,1,0.0,50.0,16.4,52.8,clear,45.97,123.23,A_win
542,1994,Mexico,Senegal,group,1,0.0,58.0,20.6,51.8,rain,28.84,146.48,draw
543,2022,Brazil,Canada,group,1,0.0,51.0,25.7,23.6,cloudy,29.84,152.4,B_win
544,1974,Senegal,Netherlands,group,1,0.0,54.6,36.8,26.9,clear,46.31,134.32,A_win
545,1998,Australia,Morocco,group,1,0.0,48.5,17.0,33.4,cloudy,42.64,97.56,B_win
546,1970,Nigeria,Brazil,semi_final,1,0.0,68.6,23.9,51.4,cloudy,41.78,119.35,B_win
547,1982,England,Netherlands,group,1,0.0,85.8,34.8,73.9,rain,32.27,87.26,A_win
548,1934,Morocco,Argentina,group,0,0.0,66.3,38.5,58.5,rain,25.51,50.93,B_win
549,2018,Morocco,Senegal,semi_final,1,0.0,57.5,15.9,85.6,clear,51.76,105.61,B_win
550,1942,Uruguay,England,group,1,0.0,63.7,18.9,59.2,cloudy,38.36,102.0,B_win
551,1998,Canada,Nigeria,group,1,0.0,67.8,28.7,49.9,rain,36.34,83.71,draw
552,1934,USA,Qatar,round_16,1,0.0,62.0,24.3,48.3,clear,39.24,123.55,B_win
553,2002,Australia,Portugal,quarter_final,1,0.0,76.8,10.1,15.0,hot,46.73,86.64,B_win
554,1946,Mexico,Argentina,group,1,0.0,63.6,20.4,82.9,clear,35.69,199.48,A_win
555,1998,England,Saudi Arabia,group,0,0.0,9.0,32.9,80.1,clear,20.01,54.09,A_win
556,1954,Brazil,USA,group,1,0.0,84.4,39.7,66.6,cloudy,29.68,56.66,A_win
557,2006,Morocco,Portugal,semi_final,1,0.0,34.9,31.6,56.1,clear,43.28,121.18,A_win
558,1974,Portugal,Senegal,group,1,0.0,59.9,12.1,53.8,cloudy,36.91,97.14,draw
559,1970,Australia,Germany,group,0,0.0,52.0,14.3,74.9,rain,30.24,67.46,B_win
560,1986,Portugal,Croatia,quarter_final,1,0.0,79.7,18.9,66.4,hot,39.13,153.36,A_win
561,2014,Spain,Qatar,round_16,1,0.0,69.0,39.0,28.7,hot,44.43,122.85,A_win
562,2014,Argentina,South Korea,group,1,0.0,74.7,23.8,40.4,clear,35.14,97.41,A_win
563,1962,Brazil,Qatar,group,1,0.0,81.1,20.9,44.9,hot,39.96,112.22,A_win
564,1986,Uruguay,Belgium,group,1,0.0,77.2,37.7,71.7,windy,35.86,140.91,A_win
565,2006,Belgium,Australia,group,1,0.0,52.6,28.3,45.0,clear,34.07,44.88,B_win
566,1954,Saudi Arabia,Morocco,group,1,0.0,38.1,40.8,77.6,rain,43.91,217.22,B_win
567,1958,USA,England,round_16,1,0.0,89.5,12.9,87.0,clear,51.51,132.33,B_win
568,2022,Uruguay,USA,group,1,0.0,38.6,20.3,64.1,clear,33.42,101.61,B_win
569,1954,Mexico,Germany,round_16,1,0.0,34.6,17.8,45.1,clear,46.61,107.28,A_win
570,1966,Uruguay,South Korea,group,1,0.0,48.3,21.2,50.9,clear,27.2,64.83,A_win
571,1934,Italy,Croatia,semi_final,1,0.0,48.4,29.4,58.8,windy,57.22,270.07,B_win
572,2022,Croatia,Japan,group,1,0.0,51.5,20.8,36.2,hot,40.53,91.38,draw
573,2014,South Korea,Canada,group,1,0.0,51.2,25.0,68.3,clear,51.45,170.12,A_win
574,1950,Australia,Netherlands,final,1,0.0,29.1,42.3,47.7,clear,70.76,214.57,A_win
575,2006,Italy,Uruguay,group,1,0.0,73.0,8.9,56.5,clear,42.56,138.25,B_win
576,2022,USA,Japan,group,1,0.0,52.7,17.6,64.1,rain,41.68,180.12,B_win
577,2002,Australia,Italy,group,0,0.18,57.3,16.7,27.7,hot,44.79,111.13,A_win
578,1962,Canada,Argentina,round_16,1,0.0,77.8,14.7,68.3,clear,49.02,137.96,A_win
579,2002,Germany,Senegal,semi_final,1,0.0,73.8,32.2,61.3,hot,38.81,112.01,A_win
580,1978,Japan,South Korea,round_16,0,0.18,63.6,23.6,67.3,cloudy,33.35,75.69,draw
581,1930,Brazil,Saudi Arabia,group,1,0.0,52.4,41.6,44.1,clear,32.62,310.39,A_win
582,1930,Argentina,Qatar,group,0,0.0,83.7,28.0,75.5,cloudy,36.05,92.69,draw
583,1990,Japan,Croatia,semi_final,1,0.0,62.0,25.0,35.5,clear,49.46,160.56,B_win
584,1942,Italy,Mexico,quarter_final,0,0.0,86.7,23.0,56.5,clear,35.08,88.83,draw
585,1982,Canada,Morocco,group,1,0.0,55.0,26.4,50.1,rain,36.6,118.09,draw
586,1962,Belgium,Ghana,group,1,0.0,40.8,31.1,40.6,cloudy,32.77,152.75,B_win
587,1958,South Korea,Mexico,group,1,0.0,66.6,24.5,48.6,clear,39.72,187.43,draw
588,1950,Ghana,Belgium,group,0,0.0,42.8,13.6,29.9,hot,33.56,97.87,A_win
589,1990,Netherlands,Japan,round_16,1,0.0,55.1,18.5,60.1,windy,50.53,183.36,A_win
590,2014,Mexico,USA,round_16,1,0.0,64.1,32.2,88.0,hot,38.48,219.94,A_win
591,1950,Germany,France,group,1,0.0,65.5,14.8,65.7,cloudy,29.97,75.54,draw
592,2018,Saudi Arabia,USA,round_16,1,0.0,84.8,19.0,83.0,hot,41.58,128.13,A_win
593,1998,Ghana,Australia,group,0,0.18,87.8,27.3,68.2,cloudy,44.58,80.31,draw
594,1954,Mexico,Senegal,quarter_final,0,0.18,42.8,20.9,80.5,clear,52.03,90.49,draw
595,1930,Spain,Qatar,group,1,0.0,44.4,22.6,65.0,cloudy,53.01,175.05,B_win
596,1962,Croatia,Uruguay,group,1,0.0,48.4,20.1,55.9,clear,41.64,107.28,draw
597,1942,Argentina,Spain,final,1,0.0,44.3,35.4,58.3,rain,63.08,160.0,A_win
598,1934,Italy,USA,group,1,0.0,40.0,34.2,72.9,cloudy,20.37,99.44,draw
599,1994,Netherlands,Mexico,round_16,1,0.0,52.2,37.8,55.2,clear,61.63,335.28,draw
600,1930,Qatar,Belgium,group,1,0.0,58.8,27.9,24.6,clear,34.24,91.03,draw
601,1994,Portugal,Brazil,final,1,0.0,61.2,16.8,60.7,rain,62.43,117.23,B_win
602,1974,Canada,Mexico,group,0,0.0,50.9,27.2,82.3,rain,36.92,141.05,A_win
603,1930,USA,Portugal,quarter_final,1,0.0,28.0,14.6,53.4,hot,36.72,83.57,B_win
604,1990,Japan,Germany,final,1,0.0,35.6,23.4,35.8,hot,65.06,150.59,B_win
605,1998,Saudi Arabia,Argentina,group,1,0.0,45.8,24.1,61.3,windy,42.43,75.9,A_win
606,1958,Argentina,Belgium,semi_final,1,0.0,61.9,29.7,41.6,clear,22.69,94.17,B_win
607,1930,Qatar,France,group,1,0.0,61.4,23.0,67.9,hot,30.79,99.43,B_win
608,1934,Nigeria,France,group,1,0.0,79.6,34.1,71.6,clear,31.9,44.58,B_win
609,1970,Morocco,France,group,0,0.18,40.2,23.2,77.6,hot,39.48,183.55,B_win
610,1962,Nigeria,France,group,1,0.0,52.8,26.4,84.5,rain,26.08,62.56,draw
611,1938,Italy,England,group,1,0.0,65.1,21.2,73.1,rain,42.05,166.5,B_win
612,2022,Spain,Nigeria,group,1,0.0,41.6,25.3,15.3,rain,42.33,178.01,B_win
613,1970,Japan,South Korea,final,1,0.0,73.4,22.5,55.0,windy,66.13,184.95,B_win
614,1978,Qatar,Croatia,round_16,1,0.0,49.8,11.5,74.9,clear,50.73,125.51,B_win
615,1934,Brazil,Argentina,group,1,0.0,46.0,18.6,75.5,cloudy,31.48,105.07,A_win
616,1934,Mexico,Senegal,round_16,1,0.0,34.0,5.5,64.8,cloudy,47.0,166.77,draw
617,1998,Portugal,Croatia,group,0,0.18,47.5,13.5,85.9,clear,36.38,128.07,B_win
618,2006,Qatar,Saudi Arabia,group,1,0.0,51.6,19.9,32.9,clear,34.85,116.25,draw
619,1978,Croatia,USA,group,0,0.0,70.0,25.1,54.0,cloudy,43.98,111.78,A_win
620,2010,Argentina,Japan,quarter_final,1,0.0,34.7,19.4,62.8,clear,42.46,154.89,A_win
621,1954,Uruguay,Belgium,group,1,0.0,56.4,23.8,82.2,clear,33.56,147.42,A_win
622,2018,Belgium,South Korea,group,0,0.18,39.0,37.8,40.8,rain,26.23,82.13,B_win
623,1946,Portugal,Croatia,group,1,0.0,72.8,25.8,31.3,rain,35.83,107.38,B_win
624,2010,Saudi Arabia,Spain,round_16,1,0.0,56.7,21.2,79.2,hot,45.41,79.45,A_win
625,1994,France,Italy,round_16,1,0.0,53.7,22.8,63.9,rain,52.39,157.64,A_win
626,2006,USA,Mexico,group,1,0.0,51.9,20.6,75.3,clear,22.31,125.69,B_win
627,1986,Spain,Qatar,group,1,0.0,44.8,27.2,80.1,cloudy,31.25,151.9,A_win
628,1954,England,Portugal,round_16,1,0.0,68.1,20.2,38.1,clear,46.63,141.75,B_win
629,2018,Belgium,Portugal,round_16,1,0.0,75.2,23.1,45.5,clear,37.22,236.72,B_win
630,1998,Saudi Arabia,Brazil,group,0,0.0,37.5,22.6,46.7,cloudy,58.15,134.36,draw
631,2010,Senegal,Argentina,group,0,0.18,66.1,25.8,43.8,clear,39.66,101.08,A_win
632,1938,Netherlands,Nigeria,group,1,0.0,50.1,28.6,48.8,hot,45.27,58.27,A_win
633,1994,Canada,Germany,round_16,1,0.0,43.5,20.1,76.6,windy,42.14,99.07,A_win
634,1978,Uruguay,Canada,group,1,0.0,37.1,25.2,67.9,hot,29.43,79.0,draw
635,2002,Qatar,Nigeria,group,1,0.0,55.9,17.3,40.5,hot,35.92,76.65,draw
636,1954,Nigeria,Spain,group,1,0.0,25.3,27.1,15.0,clear,41.86,169.56,draw
637,2002,Brazil,England,round_16,1,0.0,61.0,9.8,57.8,windy,56.77,154.46,draw
638,2014,Portugal,Belgium,round_16,1,0.0,48.7,27.4,83.5,clear,34.35,125.27,B_win
639,1958,Morocco,Canada,group,1,0.0,74.9,23.4,38.0,clear,34.39,70.83,B_win
640,1966,England,Japan,group,0,0.18,92.4,22.5,68.7,clear,32.66,86.67,B_win
641,1970,Canada,Croatia,round_16,1,0.0,48.8,17.7,84.0,hot,40.05,146.5,B_win
642,1938,Uruguay,Netherlands,group,1,0.0,64.3,24.8,64.8,rain,30.18,65.39,B_win
643,1966,Mexico,England,quarter_final,1,0.0,65.5,33.7,58.3,clear,38.9,123.31,B_win
644,1946,Netherlands,Morocco,round_16,1,0.0,51.1,38.5,95.0,clear,51.95,189.37,A_win
645,1958,Qatar,Australia,group,1,0.0,58.2,7.3,54.6,cloudy,37.82,156.69,draw
646,1950,USA,Saudi Arabia,group,1,0.0,77.9,38.8,27.5,cloudy,40.13,92.97,draw
647,2014,Croatia,Senegal,semi_final,1,0.0,41.6,21.5,35.9,hot,40.74,115.49,B_win
648,1942,England,Spain,round_16,1,0.0,49.0,24.0,70.8,cloudy,49.43,178.04,A_win
649,2022,Uruguay,England,final,1,0.0,39.5,13.7,46.9,cloudy,77.63,143.74,A_win
650,1990,Ghana,USA,quarter_final,1,0.0,46.2,14.7,72.3,clear,59.17,362.86,A_win
651,1970,Brazil,Argentina,group,1,0.0,67.2,14.1,37.7,rain,42.27,156.42,draw
652,1974,Ghana,Argentina,quarter_final,1,0.0,59.9,28.1,95.0,clear,43.27,192.08,draw
653,1950,Saudi Arabia,USA,group,1,0.0,26.7,36.2,48.3,clear,30.26,124.47,A_win
654,2002,Morocco,England,group,1,0.0,70.3,23.4,67.5,cloudy,42.02,135.41,B_win
655,1970,Netherlands,Nigeria,group,1,0.0,35.2,35.5,57.6,clear,45.95,120.23,A_win
656,2014,France,Japan,group,1,0.0,33.3,38.4,38.3,clear,23.07,49.98,B_win
657,1994,Croatia,USA,group,1,0.0,53.7,28.6,86.4,clear,42.52,233.99,A_win
658,1994,South Korea,England,group,0,0.18,63.7,25.0,56.7,rain,33.14,96.46,B_win
659,1950,Mexico,Argentina,semi_final,1,0.0,48.6,20.5,94.7,clear,33.72,117.58,draw
660,2010,Australia,Germany,round_16,1,0.0,61.1,11.0,59.8,cloudy,42.44,119.44,draw
661,2022,Nigeria,Uruguay,group,1,0.0,76.5,28.1,78.7,clear,31.32,71.79,B_win
662,1998,Saudi Arabia,Germany,group,1,0.0,73.1,30.4,61.9,clear,40.11,144.9,A_win
663,1942,Germany,Argentina,round_16,1,0.0,35.9,25.9,87.6,windy,44.39,139.43,A_win
664,1982,Ghana,South Korea,group,1,0.0,75.6,31.0,64.7,clear,32.11,104.0,B_win
665,1930,Mexico,Brazil,group,1,0.0,80.1,21.1,40.8,clear,45.74,166.23,B_win
666,2002,Saudi Arabia,Belgium,round_16,1,0.0,84.1,29.0,33.1,clear,50.22,319.05,B_win
667,1998,Canada,Morocco,group,1,0.0,42.2,32.6,36.5,clear,30.95,90.87,B_win
668,1982,South Korea,France,group,1,0.0,69.1,24.7,34.6,clear,65.24,181.85,draw
669,1934,Qatar,Portugal,group,1,0.0,79.4,23.7,26.9,rain,29.62,127.4,A_win
670,1990,Uruguay,France,semi_final,1,0.0,69.6,20.7,67.8,hot,41.11,76.92,A_win
671,2002,Senegal,Croatia,group,0,0.18,78.0,33.2,73.5,cloudy,29.36,66.29,B_win
672,1938,Senegal,Japan,group,1,0.0,68.8,27.2,85.2,clear,30.94,134.62,B_win
673,1962,Qatar,South Korea,quarter_final,1,0.0,65.1,28.4,65.1,hot,44.38,103.07,draw
674,1998,Spain,Mexico,quarter_final,1,0.0,54.8,20.0,86.5,clear,45.29,174.21,A_win
675,2014,Australia,Qatar,round_16,1,0.0,47.0,19.0,52.1,cloudy,44.53,158.53,A_win
676,1950,Morocco,Spain,group,1,0.0,32.2,26.9,67.8,clear,38.38,75.4,B_win
677,1958,Senegal,USA,group,1,0.0,67.0,20.1,77.9,cloudy,49.54,157.6,draw
678,2010,Qatar,Canada,group,1,0.0,44.9,33.0,51.7,rain,43.39,133.84,draw
679,1994,South Korea,Qatar,group,1,0.0,37.4,26.9,38.2,clear,31.06,125.04,draw
680,1950,Portugal,Argentina,round_16,1,0.0,51.3,28.0,33.6,cloudy,50.87,158.54,A_win
681,1950,Argentina,Belgium,round_16,1,0.0,51.2,25.6,65.4,rain,40.0,79.54,B_win
682,1930,Italy,Netherlands,quarter_final,0,0.0,78.9,25.3,45.9,clear,39.27,98.11,B_win
683,1958,Canada,Netherlands,round_16,1,0.0,62.4,13.1,62.5,cloudy,48.3,151.86,B_win
684,1934,Italy,Morocco,group,1,0.0,65.7,27.2,95.0,rain,41.03,183.12,B_win
685,1934,Portugal,Saudi Arabia,group,1,0.0,54.6,21.4,54.8,clear,37.85,152.62,B_win
686,1938,Uruguay,Morocco,semi_final,1,0.0,51.3,25.3,68.9,cloudy,55.1,161.36,B_win
687,2018,Argentina,Australia,group,1,0.0,63.0,14.2,67.3,hot,41.83,156.56,B_win
688,1954,Mexico,Ghana,final,1,0.0,48.3,27.2,66.6,cloudy,58.34,354.82,B_win
689,1998,Italy,Qatar,group,1,0.0,66.7,22.5,62.3,clear,36.23,147.31,B_win
690,1930,South Korea,Nigeria,group,1,0.0,76.7,23.3,30.0,windy,34.8,155.19,A_win
691,1978,Italy,Australia,group,1,0.0,62.6,18.1,32.3,rain,27.71,74.06,draw
692,1962,South Korea,Australia,group,1,0.0,86.8,38.6,59.7,clear,21.54,58.29,draw
693,2018,Belgium,Saudi Arabia,quarter_final,1,0.0,62.7,17.2,66.1,clear,36.89,115.87,B_win
694,1954,Argentina,Japan,group,1,0.0,88.8,10.3,56.3,cloudy,38.1,86.97,draw
695,2022,Japan,Argentina,group,1,0.0,52.2,18.8,53.9,cloudy,47.2,167.96,draw
696,2010,Ghana,Mexico,group,1,0.0,76.5,21.3,69.4,clear,34.64,135.0,draw
697,1994,Australia,Japan,group,1,0.0,45.6,17.6,69.8,cloudy,43.03,179.39,draw
698,1990,Morocco,South Korea,group,1,0.0,77.1,23.6,67.6,clear,35.89,112.63,B_win
699,1974,Brazil,France,group,1,0.0,63.0,30.0,71.5,clear,36.38,153.87,draw
700,2022,Uruguay,South Korea,group,1,0.0,70.3,33.8,71.1,clear,42.35,257.06,draw
701,1942,South Korea,Spain,group,1,0.0,69.9,20.0,37.9,rain,40.31,100.48,draw
702,1974,South Korea,Netherlands,semi_final,0,0.0,58.3,27.9,65.3,rain,36.95,123.21,B_win
703,1994,Spain,South Korea,group,1,0.0,58.5,22.4,59.7,clear,28.99,129.79,B_win
704,2002,USA,Italy,group,0,0.18,90.9,27.2,70.4,clear,40.22,110.91,draw
705,1974,Morocco,Spain,group,1,0.0,45.9,13.9,37.7,clear,38.22,103.67,A_win
706,1938,Croatia,Morocco,group,1,0.0,48.1,30.5,23.7,rain,35.12,105.64,A_win
707,1994,Italy,Belgium,final,1,0.0,82.8,21.7,57.0,cloudy,58.04,162.88,A_win
708,1934,Portugal,Ghana,group,1,0.0,48.8,26.3,94.5,cloudy,39.63,132.43,B_win
709,1994,South Korea,Ghana,round_16,1,0.0,50.3,39.3,59.7,clear,41.55,134.19,B_win
710,1974,Senegal,Germany,group,1,0.0,72.6,23.1,49.1,rain,35.22,155.67,A_win
711,1938,Japan,Mexico,group,1,0.0,42.5,19.0,38.8,rain,36.13,54.52,draw
712,1930,England,Netherlands,group,1,0.0,84.8,11.4,63.4,clear,52.21,103.3,A_win
713,2006,Australia,England,group,1,0.0,46.0,18.2,59.4,clear,24.72,70.69,B_win
714,2018,Nigeria,Portugal,group,1,0.0,71.2,20.1,56.9,hot,38.19,77.99,draw
715,1962,USA,Argentina,semi_final,1,0.0,50.0,21.4,59.7,clear,41.7,119.57,B_win
716,2002,Morocco,Senegal,quarter_final,1,0.0,71.1,16.3,71.8,clear,42.36,84.06,B_win
717,2010,Senegal,Uruguay,round_16,1,0.0,47.6,25.6,61.9,cloudy,54.13,177.53,A_win
718,1930,USA,Morocco,group,1,0.0,52.7,23.1,68.0,cloudy,38.44,105.1,B_win
719,1958,Australia,Argentina,group,1,0.0,39.9,13.1,69.4,cloudy,38.84,102.57,A_win
720,2010,Italy,Croatia,round_16,1,0.0,54.2,27.6,50.6,hot,48.05,187.74,B_win
